idx,SN,zhel_spec,tmax(B)_spec,tmax(B)_err_spec,ref_spec,Dm15_spec,Dm15_err_spec,ref1_spec,M_B_spec,M_B_err_spec,B-V_spec,B-V_err_spec,Bm-Vm_spec,Bm-Vm_err_spec,Phot_ref_spec,ref..2,n_spec,RA,DEC,z_CMB,z_CMB_salt2_err,m_B_salt2,m_B_salt2_err,x_1_salt2,x_1_salt2_err,c_salt2,c_salt2_err,mu_salt2,mu_salt2_err,EW5972_spec,EW6355_spec,v6355_spec,Phase_spec,BClass_spec,WClass_spec,SNIa_salt,z_cmb_salt,z_err_salt,m_B_salt,m_B_err_salt,s_salt,s_err_salt,c_salt,c_err_salt,mu_salt,mu_err_salt,SNIa_ml31,z_ml31,z_err_ml31,x1_ml31,x1_err_ml31,c_ml31,c_err_ml31,mu_ml31,mu_err_ml31
0,1994D,0.0029,49432.5,0.1,"B,M,SA,SN",1.37,0.03,B,-99.99,9.99,-9.99,9.99,-9.99,9.99,Jha07,,26.0,188.50997916666665,7.701583333333334,,,,,,,,,,,19.7,100.4,-11248.0,-0.1,CN,N,,,,,,,,,,,,,,,,,,,,
1,1994M,0.0232,49474.5,0.9,"B,M,SA,SN",1.26,0.06,B,-19.21,0.08,-0.11,0.06,-0.1,0.06,CfA1,,9.0,187.785875,0.6054444444444445,0.024,0.001,16.274,0.021,-1.746,0.174,0.10400000000000001,0.021,35.275999999999996,0.205,12.8,119.3,-12183.0,1.6,BL,HV,1994m,0.024,0.001,16.3,0.159,0.78,0.02,0.11,0.02,35.207,0.205,,,,,,,,,
2,1994S,0.0151,49518.3,0.3,"B,M,SA,SN",0.94,0.06,B,-19.55,0.09,-0.12,0.05,-0.11,0.05,CfA1,,4.0,187.84104166666665,29.13444444444445,0.016,0.001,14.762,0.021,0.226,0.26,-0.002,0.019,34.232,0.242,5.1,86.4,-10664.0,0.9,CN,N,1994s,0.015,0.001,14.77,0.196,1.09,0.05,-0.01,0.02,34.372,0.28,,,,,,,,,
3,1994T,0.0346,49514.4,0.4,"M,SN",1.51,0.08,SN,-99.99,9.99,-9.99,9.99,-9.99,9.99,CfA1,,5.0,200.37804166666663,-2.1490277777777766,0.036000000000000004,0.001,16.914,0.027000000000000003,-1.489,0.168,0.03,0.024,36.126,0.18899999999999997,16.8,159.6,-13459.0,-0.2,BL,HV,1994t,0.036000000000000004,0.001,17.05,0.084,0.84,0.04,0.02,0.05,36.264,0.181,,,,,,,,,
4,1994ae,0.0043,49685.5,0.8,"B,M,SA,SN",0.96,0.04,B,-99.99,9.99,-9.99,9.99,-9.99,9.99,"CfA1,Jha07",,18.0,161.75808333333333,17.275222222222222,,,,,,,,,,,7.4,81.6,-10979.0,-0.0,CN,N,,,,,,,,,,,,,,,,,,,,
5,1995D,0.0067,49768.7,0.1,"B,M,SA,SN",1.05,0.03,B,-99.99,9.99,-9.99,9.99,-9.99,9.99,"CfA1,Jha07",,14.0,145.22813749999997,5.1406,,,,,,,,,,,12.1,80.4,-10157.0,3.6,CN,N,,,,,,,,,,,,,,,,,,,,
6,1995E,0.012,49775.2,0.5,"B,M,SA,SN",1.16,0.05,B,-99.99,9.99,-9.99,9.99,-9.99,9.99,CfA1,,7.0,117.9864583333333,73.00961111111111,,,,,,,,,,,16.4,94.2,-10935.0,-0.9,CN,N,,,,,,,,,,,,,,,,,,,,
7,1995ac,0.0499,49993.1,0.5,"B,M,SA,SN",0.77,0.04,B,-19.56,0.07,-0.13,0.05,-0.05,0.05,"CfA1,Jha07",,4.0,341.39224999999993,-8.751305555555557,0.049,0.001,17.039,0.011000000000000001,0.591,0.11900000000000001,0.011000000000000001,0.01,36.516,0.171,,,,,,,1995ac,0.049,0.001,17.03,0.145,1.04,0.01,0.01,0.01,36.518,0.159,sn95ac,0.049,0.001,-0.23800000000000002,0.047,0.22399999999999998,0.10400000000000001,36.535,0.147
8,1995al,0.0051,50029.1,0.6,"B,M,SA,SN",0.87,0.04,B,-99.99,9.99,-9.99,9.99,-9.99,9.99,CfA1,,13.0,147.73320833333332,33.552611111111105,,,,,,,,,,,15.0,112.9,-12149.0,6.4,BL,HV,,,,,,,,,,,,,,,,,,,,
9,1996C,0.027000000000000003,50128.5,0.3,"B,M,SA,SN",0.93,0.06,B,-19.47,0.08,-0.12,0.06,-0.11,0.05,CfA1,,3.0,207.7025,49.31863888888889,0.027999999999999997,0.001,16.595,0.034,0.42100000000000004,0.235,0.11599999999999999,0.021,35.793,0.2,7.6,81.6,-10567.0,2.0,CN,N,1996c,0.028,0.001,16.65,0.147,1.01,0.02,0.12,0.02,35.816,0.188,,,,,,,,,
10,1996X,0.0068,50191.1,0.3,"B,M,SA,SN",1.26,0.04,B,-99.99,9.99,-9.99,9.99,-9.99,9.99,"CfA1,Jha07",,15.0,199.50470833333333,-26.845916666666664,,,,,,,,,,,7.9,90.3,-11161.0,0.1,CN,N,,,,,,,,,,,,,,,,,,,,
11,1996Z,0.0074,50217.0,1.1,SA,1.22,0.1,Phi99,-99.99,9.99,-9.99,9.99,-9.99,9.99,CfA1,,6.0,144.18674999999996,-21.147694444444443,,,,,,,,,,,12.5,113.6,-11708.0,4.1,BL,HV,,,,,,,,,,,,,,,,,,,,
12,1996ab,0.123,50223.9,1.8,"B,M,SA",1.01,0.07,B,-19.44,0.11,-0.14,0.06,-0.13,0.06,CfA1,,1.0,230.28479166666665,27.92688888888889,0.124,0.001,19.54,0.024,-0.907,0.252,-0.062,0.024,39.043,0.174,,,,,,,1996ab,0.124,0.001,19.53,0.131,0.96,0.03,-0.08,0.02,39.152,0.14800000000000002,sn96ab,0.124,0.001,0.132,0.165,0.163,0.17,38.887,0.28800000000000003
13,1996ai,0.0029,50255.1,0.9,"B,SN",0.88,0.06,B,-99.99,9.99,-9.99,9.99,-9.99,9.99,CfA1,,7.0,197.7422083333333,37.05983333333333,,,,,,,,,,,11.9,72.5,-10838.0,0.1,CN,N,,,,,,,,,,,,,,,,,,,,
14,1996bk,0.0066,50368.5,0.6,"M,SN",1.78,0.05,SN,-99.99,9.99,-9.99,9.99,-9.99,9.99,CfA1,,1.0,206.7415833333333,60.97025,,,,,,,,,,,42.0,126.9,-11890.0,2.5,CL,N,,,,,,,,,,,,,,,,,,,,
15,1996bl,0.036000000000000004,50376.5,0.3,"B,M,SA,SN",1.07,0.06,B,-19.43,0.08,-0.1,0.06,-0.08,0.06,CfA1,,4.0,9.074875,11.394583333333333,0.035,0.001,16.673,0.016,-0.18100000000000002,0.153,0.055,0.015,35.961,0.183,9.3,85.7,-12594.0,-2.2,CN,HV,1996bl,0.036000000000000004,0.001,16.62,0.14300000000000002,0.99,0.02,0.03,0.01,35.995,0.16699999999999998,sn96bl,0.035,0.001,-0.128,0.064,0.248,0.115,36.059,0.163
16,1996bo,0.0172,50387.0,0.5,"B,M,SA,SN",1.16,0.03,B,-19.3,0.1,-0.07,0.05,-0.02,0.06,"CfA1,Jha07",,5.0,27.09525,11.520861111111113,0.016,0.001,15.821,0.013999999999999999,-0.968,0.16,0.397,0.013999999999999999,34.179,0.23600000000000002,15.0,133.3,-11927.0,3.3,BL,HV,1996bo,0.016,0.001,15.82,0.189,0.87,0.02,0.37,0.01,34.165,0.257,sn96bo,0.016,0.001,0.044000000000000004,0.07,0.986,0.12,34.004,0.22399999999999998
17,1997E,0.0133,50468.0,0.4,"B,M,SA,SN",1.4,0.04,B,-19.17,0.08,-0.13,0.05,-0.13,0.06,CfA2,,4.0,101.90874999999998,74.4975,0.013000000000000001,0.001,15.093,0.015,-1.83,0.248,0.08900000000000001,0.015,34.124,0.265,28.1,119.2,-12373.0,-3.7,BL,N,,,,,,,,,,,,,,,,,,,,
18,1997Y,0.0159,50486.5,0.7,"B,M,SA,SN",1.15,0.09,B,-19.33,0.09,-0.15,0.06,-0.14,0.06,CfA2,,4.0,191.38083333333333,54.73805555555556,0.017,0.001,15.302999999999999,0.023,-1.264,0.27699999999999997,0.040999999999999995,0.022000000000000002,34.512,0.24,14.0,103.0,-10907.0,1.9,CN,N,1997y,0.017,0.001,15.31,0.275,0.88,0.02,0.04,0.01,34.522,0.324,,,,,,,,,
19,1997bp,0.0083,50548.5,0.6,"B,M,SN",1.08,0.06,B,-99.99,9.99,-9.99,9.99,-9.99,9.99,"CfA2,Jha07",,13.0,191.7239583333333,-11.642555555555555,,,,,,,,,,,8.7,170.4,-15691.0,-0.2,BL,HV,,,,,,,,,,,,,,,,,,,,
20,1997bq,0.0093,50557.9,0.5,"B,M,SA",1.14,0.06,B,-99.99,9.99,-9.99,9.99,-9.99,9.99,CfA2,,13.0,154.2722083333333,73.38391666666669,,,,,,,,,,,12.6,160.4,-15208.0,-5.6,BL,HV,,,,,,,,,,,,,,,,,,,,
21,1997br,0.0071,50559.3,0.7,"B,M,SN",1.09,0.06,B,-99.99,9.99,-9.99,9.99,-9.99,9.99,"CfA2,Jha07",,11.0,200.17666666666668,-22.03675,,,,,,,,,,,,,,,,,,,,,,,,,,,,,,,,,,,,
22,1997do,0.0101,50766.1,0.1,"M,SA,SN",0.94,0.05,SN,-99.99,9.99,-9.99,9.99,-9.99,9.99,CfA2,,14.0,111.67708333333331,47.09333333333333,0.011000000000000001,0.001,14.322000000000001,0.025,-0.212,0.252,0.135,0.017,33.408,0.309,13.4,108.3,-14332.0,-6.6,BL,HV,,,,,,,,,,,,sn97do,0.011000000000000001,0.001,-0.162,0.081,0.371,0.102,33.56,0.297
23,1997dt,0.0073,50785.9,0.4,M,1.04,0.15,CfA2,-99.99,9.99,-9.99,9.99,-9.99,9.99,CfA2,,8.0,345.01225874999994,15.980679444444444,,,,,,,,,,,10.8,83.0,-11310.0,0.2,CN,N,,,,,,,,,,,,,,,,,,,,
24,1998V,0.0174,50891.2,0.8,"B,M,SA,SN",0.99,0.06,B,-19.44,0.08,-0.12,0.06,-0.1,0.06,CfA2,,9.0,275.6558333333333,15.702333333333332,0.017,0.001,15.07,0.018000000000000002,-0.315,0.14800000000000002,0.03,0.013000000000000001,34.404,0.23,14.3,83.6,-10843.0,0.3,CN,N,1998v,0.017,0.001,15.1,0.274,0.93,0.03,0.05,0.01,34.348,0.321,,,,,,,,,
25,1998ab,0.027000000000000003,50914.4,0.5,"B,M,SA,SN",1.04,0.06,B,-19.46,0.08,-0.11,0.07,-0.07,0.06,CfA2,,13.0,192.19683333333333,41.92452777777777,0.027999999999999997,0.001,16.09,0.017,0.13,0.11599999999999999,0.10800000000000001,0.013999999999999999,35.278,0.192,13.3,45.0,-9209.0,6.7,SS,91T,1998ab,0.028,0.001,16.05,0.249,0.93,0.02,0.1,0.02,35.169000000000004,0.275,sn98ab,0.027999999999999997,0.001,-0.128,0.051,0.45299999999999996,0.081,35.165,0.16399999999999998
26,1998aq,0.0039,50931.2,0.4,"B,M,SA,SN",1.11,0.04,B,-99.99,9.99,-9.99,9.99,-9.99,9.99,Jha07,,29.0,179.10779166666663,55.12866666666667,,,,,,,,,,,11.1,77.1,-10796.0,0.0,CN,N,,,,,,,,,,,,,,,,,,,,
27,1998bp,0.0105,50936.4,0.2,"M,SN",1.79,0.05,SN,-99.99,9.99,-9.99,9.99,-9.99,9.99,CfA2,,12.0,268.71141666666665,18.330694444444443,,,,,,,,,,,49.1,119.7,-11006.0,0.1,CL,N,,,,,,,,,,,,sn98bp,0.01,0.001,1.1420000000000001,0.055,0.188,0.10099999999999999,33.269,0.28800000000000003
28,1998bu,0.0029,50952.7,0.5,"B,M,SA,SN",1.03,0.02,B,-99.99,9.99,-9.99,9.99,-9.99,9.99,Jha07,,33.0,161.6917083333333,11.835416666666667,,,,,,,,,,,16.4,92.1,-11009.0,-1.6,CN,N,,,,,,,,,,,,,,,,,,,,
29,1998co,0.0182,50987.5,0.0,M,9.99,9.99,,-99.99,9.99,-9.99,9.99,-9.99,9.99,CfA2,,8.0,326.901,-13.181194444444444,,,,,,,,,,,26.1,97.8,-11100.0,-0.0,CN,N,1998co,0.017,0.001,15.7,0.274,0.61,0.03,0.11,0.01,34.396,0.322,sn98co,0.017,0.001,0.44299999999999995,0.19399999999999998,0.365,0.177,34.372,0.223
30,1998de,0.0167,51026.7,0.2,"M,SN",1.88,0.05,SN,-99.99,9.99,-9.99,9.99,-9.99,9.99,"CfA2,Jha07",,7.0,12.028666666666664,27.62458333333333,,,,,,,,,,,55.2,145.9,-11328.0,-0.3,CL,91bg,,,,,,,,,,,,sn98de,0.016,0.001,1.4509999999999998,0.035,0.337,0.10400000000000001,34.449,0.213
31,1998dh,0.0087,51029.9,0.9,"B,M,SA,SN",1.17,0.06,B,-99.99,9.99,-9.99,9.99,-9.99,9.99,CfA2,,10.0,348.6679583333333,4.53725,,,,,,,,,,,10.1,121.8,-12091.0,-0.6,BL,N,,,,,,,,,,,,,,,,,,,,
32,1998dm,0.0065,51059.9,0.6,"B,M,SA",0.9,0.03,B,-99.99,9.99,-9.99,9.99,-9.99,9.99,"CfA2,Gan10",,10.0,21.55820833333333,-6.103888888888887,,,,,,,,,,,18.4,85.5,-10610.0,6.5,CN,N,,,,,,,,,,,,,,,,,,,,
33,1998dx,0.0542,51071.9,0.5,"B,M,SA,SN",1.32,0.07,B,-19.26,0.08,-0.11,0.05,-0.09,0.06,CfA2,,7.0,272.7995416666666,49.86130555555556,0.054000000000000006,0.001,17.51,0.033,-1.713,0.387,-0.073,0.021,36.955999999999996,0.182,19.9,97.5,-11876.0,-0.7,CN,N,1998dx,0.054000000000000006,0.001,17.64,0.237,0.75,0.04,0.08,0.03,36.587,0.26,sn98dx,0.054000000000000006,0.001,0.2,0.099,0.107,0.066,36.885,0.14
34,1998ec,0.0199,51089.5,1.6,SA,1.08,0.09,CfA2,-99.99,9.99,-9.99,9.99,-9.99,9.99,"CfA2,Gan10",,6.0,103.2754583333333,50.03947222222222,,,,,,,,,,,6.2,116.8,-12751.0,-3.0,BL,HV,,,,,,,,,,,,,,,,,,,,
35,1998ef,0.0177,51113.9,0.3,"B,M,SA",1.27,0.07,B,-19.3,0.07,-0.08,0.06,-0.03,0.06,CfA2,,4.0,15.861958333333332,32.23677777777778,0.017,0.001,14.806,0.025,-1.389,0.257,-0.005,0.018000000000000002,34.117,0.237,9.9,119.7,-13055.0,1.3,BL,HV,1998ef,0.017,0.001,14.81,0.275,0.85,0.02,0.02,0.01,34.037,0.324,sn98ef,0.017,0.001,0.11900000000000001,0.096,0.18100000000000002,0.09699999999999999,34.17,0.213
36,1998eg,0.0249,51110.9,0.4,"M,SA,SN",1.14,0.05,SN,-99.99,9.99,-9.99,9.99,-9.99,9.99,CfA2,,6.0,339.8762083333333,8.605722222222223,0.024,0.001,16.077,0.015,-0.8220000000000001,0.35600000000000004,0.047,0.018000000000000002,35.317,0.207,15.4,93.5,-10860.0,-0.8,CN,N,1998eg,0.024,0.001,16.1,0.263,0.93,0.03,0.05,0.01,35.348,0.292,sn98eg,0.024,0.001,0.001,0.115,0.27699999999999997,0.12300000000000001,35.305,0.187
37,1998es,0.0106,51142.7,0.9,"B,M,SA,SN",0.85,0.04,B,-99.99,9.99,-9.99,9.99,-9.99,9.99,"CfA2,Gan10",,26.0,24.32333333333333,5.880722222222222,,,,,,,,,,,5.1,54.0,-10183.0,-0.5,SS,91T,,,,,,,,,,,,,,,,,,,,
38,1999aa,0.0144,51232.4,0.9,"B,M,SA,SN",0.78,0.02,B,-19.64,0.07,-0.17,0.04,-0.13,0.04,"CfA2,Jha07",,28.0,126.92512499999998,21.487444444444453,0.015,0.001,14.694,0.009000000000000001,0.981,0.073,-0.015,0.009000000000000001,34.277,0.242,1.3,51.2,-10430.0,-0.2,SS,91T,1999aa,0.015,0.001,14.69,0.121,1.05,0.01,-0.02,0.01,34.268,0.223,sn99aa,0.015,0.001,-0.27699999999999997,0.027999999999999997,0.024,0.025,34.461999999999996,0.203
39,1999ac,0.0095,51250.5,0.7,"B,M,SA,SN",1.23,0.03,B,-99.99,9.99,-9.99,9.99,-9.99,9.99,"CfA2,Gan10",,19.0,241.81254166666665,7.972333333333332,,,,,,,,,,,9.3,93.5,-9993.0,0.4,CN,91T,,,,,,,,,,,,,,,,,,,,
40,1999bh,0.0172,51272.1,0.5,B,1.38,0.08,B,-99.99,9.99,-9.99,9.99,-9.99,9.99,Gan10,,1.0,163.69570833333333,61.288888888888884,,,,,,,,,,,,,,,,,,,,,,,,,,,,,,,,,,,,
41,1999by,0.0022,51309.2,0.5,"B,M,SN",1.97,0.04,B,-99.99,9.99,-9.99,9.99,-9.99,9.99,"Jha07,Gan10",,18.0,140.4669583333333,51.00183333333333,,,,,,,,,,,52.5,103.3,-10096.0,0.3,CL,91bg,,,,,,,,,,,,,,,,,,,,
42,1999cc,0.0314,51315.6,0.3,"B,M,SA,SN",1.35,0.06,B,-19.14,0.08,-0.08,0.03,-0.07,0.03,"CfA2,Jha07",,7.0,240.675125,37.35955555555557,0.032,0.001,16.754,0.009000000000000001,-1.756,0.161,0.063,0.011000000000000001,35.857,0.185,24.1,122.3,-12047.0,-0.2,BL,N,1999cc,0.032,0.001,16.78,0.254,0.82,0.02,0.06,0.01,35.866,0.272,sn99cc,0.032,0.001,0.337,0.099,0.195,0.098,35.811,0.151
43,1999cl,0.0078,51342.5,0.6,"B,SA,SN",1.17,0.06,B,-99.99,9.99,-9.99,9.99,-9.99,9.99,"CfA2,Jha07",,11.0,187.983375,14.426472222222221,,,,,,,,,,,19.2,130.9,-12395.0,0.7,BL,HV,,,,,,,,,,,,,,,,,,,,
44,1999da,0.0122,51371.1,0.4,"M,SN",1.9,0.05,SN,-99.99,9.99,-9.99,9.99,-9.99,9.99,Jha07,,1.0,263.84566666666666,60.813694444444465,,,,,,,,,,,52.0,107.5,-10996.0,-2.6,CL,91bg,,,,,,,,,,,,sn99da,0.013000000000000001,0.001,1.4469999999999998,0.037000000000000005,0.218,0.107,33.913000000000004,0.253
45,1999dq,0.0141,51436.0,0.7,"B,M,SA,SN",0.86,0.04,B,-19.55,0.07,-0.08,0.05,-0.06,0.04,"CfA2,Gan10",,23.0,38.49866666666666,20.975111111111108,0.013000000000000001,0.001,14.347999999999999,0.006999999999999999,0.287,0.034,0.11800000000000001,0.008,33.529,0.259,13.6,49.7,-10680.0,0.4,SS,91T,,,,,,,,,,,,sn99dq,0.013000000000000001,0.001,-0.28800000000000003,0.028999999999999998,0.37799999999999995,0.08900000000000001,33.662,0.23199999999999998
46,1999ef,0.0393,51457.3,1.3,Jha07,1.06,0.05,CfA2,-99.99,9.99,-9.99,9.99,-9.99,9.99,CfA2,,3.0,14.6925,12.745833333333332,0.038,0.001,17.029,0.055,0.308,0.322,-0.003,0.022000000000000002,36.51,0.19399999999999998,26.3,89.9,-11076.0,6.7,CN,N,,,,,,,,,,,,sn99ef,0.038,0.001,-0.098,0.079,0.063,0.055,36.666,0.158
47,1999ej,0.0137,51483.1,0.9,"B,M,SA,SN",1.48,0.03,B,-19.23,0.08,-0.18,0.04,-0.17,0.04,"CfA2,Gan10",,5.0,20.739083333333333,33.46611111111111,0.013000000000000001,0.001,15.345,0.08800000000000001,-2.093,0.401,0.042,0.045,34.465,0.305,28.5,106.3,-10598.0,1.1,BL,N,,,,,,,,,,,,sn99ej,0.013000000000000001,0.001,0.36700000000000005,0.11199999999999999,0.151,0.09,34.404,0.259
48,1999ek,0.0175,51482.1,0.4,"B,M,SA,SN",1.14,0.03,B,-19.33,0.07,-0.12,0.04,-0.1,0.04,"CfA2,Jha07",,4.0,84.13166666666666,16.638277777777773,0.018000000000000002,0.001,15.588,0.008,-0.9990000000000001,0.11599999999999999,0.17,0.009000000000000001,34.505,0.225,23.6,104.5,-10791.0,-0.6,CN,N,1999ek,0.018000000000000002,0.001,15.59,0.297,0.91,0.01,0.17,0.01,34.503,0.338,sn99ek,0.018000000000000002,0.001,0.042,0.062,0.498,0.27699999999999997,34.317,0.20600000000000002
49,1999gd,0.0183,51519.4,1.6,"M,SA,SN",1.18,0.05,SN,-99.99,9.99,-9.99,9.99,-9.99,9.99,CfA2,,5.0,129.60254166666664,25.75919444444445,0.019,0.001,16.915,0.03,-1.114,0.226,0.46,0.021,35.102,0.22399999999999998,19.8,101.1,-10713.0,1.1,CN,N,1999gd,0.019,0.001,16.94,0.274,0.92,0.03,0.43,0.01,35.192,0.313,sn99gd,0.019,0.001,-0.004,0.073,1.452,0.11199999999999999,34.525999999999996,0.209
50,1999gh,0.0077,51513.0,0.9,Jha07,1.69,0.05,CfA2,-99.99,9.99,-9.99,9.99,-9.99,9.99,CfA2,,15.0,146.08229166666663,-21.27361111111111,,,,,,,,,,,41.0,161.8,-11467.0,5.5,BL,N,,,,,,,,,,,,,,,,,,,,
51,1999gp,0.0267,51550.1,1.3,"B,M,SA",0.87,0.04,B,-19.64,0.07,-0.12,0.04,-0.08,0.04,"CfA2,Jha07,Gan10",,10.0,37.913125,39.38119444444445,0.026000000000000002,0.001,15.984000000000002,0.009000000000000001,1.443,0.094,0.057,0.01,35.437,0.19399999999999998,6.1,43.4,-11332.0,0.0,SS,91T,1999gp,0.026,0.001,15.99,0.053,1.13,0.03,0.04,0.01,35.512,0.129,sn99gp,0.026000000000000002,0.001,-0.35100000000000003,0.027999999999999997,0.109,0.064,35.61,0.151
52,2000ce,0.0163,51667.3,0.5,B,1.0,0.08,B,-99.99,9.99,-9.99,9.99,-9.99,9.99,"CfA2,Jha07",,4.0,121.289375,66.78755555555556,0.017,0.001,17.008,0.022000000000000002,0.613,0.179,0.579,0.017,35.080999999999996,0.237,21.0,93.7,-10824.0,6.7,CN,N,,,,,,,,,,,,,,,,,,,,
53,2000cf,0.0364,51672.3,0.8,"B,M,SA,SN",1.16,0.05,B,-19.44,0.08,-0.16,0.06,-0.16,0.06,"CfA2,Jha07",,6.0,238.234125,65.93686111111111,0.036000000000000004,0.001,17.02,0.024,-0.836,0.129,0.017,0.015,36.332,0.182,21.2,106.9,-9847.0,2.9,BL,N,2000cf,0.036000000000000004,0.001,17.09,0.254,0.88,0.02,0.05,0.01,36.276,0.268,sn00cf,0.036000000000000004,0.001,-0.006,0.066,0.23800000000000002,0.107,36.33,0.159
54,2000cp,0.0342,51719.9,1.2,"B,M,SA,SN",1.09,0.09,B,-99.99,9.99,-9.99,9.99,-9.99,9.99,Gan10,,3.0,241.36508333333327,17.830222222222222,,,,,,,,,,,21.4,84.0,-11859.0,-0.5,CN,N,,,,,,,,,,,,,,,,,,,,
55,2000cw,0.0301,51747.9,0.0,"B,M,SA,SN",1.22,0.04,B,-19.4,0.08,-0.18,0.04,-0.17,0.04,Gan10,,1.0,356.85458333333327,28.387722222222234,,,,,,,,,,,21.8,107.8,-10376.0,3.5,BL,N,,,,,,,,,,,,,,,,,,,,
56,2000cx,0.0081,51752.8,0.3,"B,M,SA",0.99,0.02,B,-99.99,9.99,-9.99,9.99,-9.99,9.99,"CfA2,Jha07",,17.0,21.192458333333327,9.508694444444442,,,,,,,,,,,1.7,39.5,-11844.0,-0.3,SS,,,,,,,,,,,,,,,,,,,,,
57,2000dg,0.0385,51790.2,1.3,SA,9.99,9.99,,-99.99,9.99,-9.99,9.99,-9.99,9.99,Gan10,,4.0,1.5575416666666666,8.888194444444443,,,,,,,,,,,6.4,69.5,-10798.0,0.2,CN,N,,,,,,,,,,,,,,,,,,,,
58,2000dk,0.0175,51812.6,0.2,"B,M,SA,SN",1.62,0.05,B,-99.99,9.99,-9.99,9.99,-9.99,9.99,CfA2,,9.0,16.848,32.40644444444445,0.016,0.001,15.347000000000001,0.016,-2.496,0.267,0.062,0.016,34.376,0.23800000000000002,41.6,121.5,-11035.0,0.8,CL,N,2000dk,0.016,0.001,15.33,0.276,0.73,0.01,0.05,0.01,34.33,0.325,sn00dk,0.016,0.001,0.594,0.069,0.037000000000000005,0.039,34.375,0.203
59,2000dm,0.0149,51815.0,0.4,"B,M,SA,SN",1.46,0.04,B,-19.18,0.09,-0.14,0.05,-0.14,0.05,Gan10,,1.0,274.7457083333333,16.248166666666666,,,,,,,,,,,23.6,92.6,-11440.0,-2.9,CN,N,,,,,,,,,,,,,,,,,,,,
60,2000dn,0.0321,51824.2,0.3,"B,M,SA,SN",1.04,0.04,B,-19.38,0.07,-0.14,0.04,-0.12,0.04,Gan10,,4.0,346.27441666666664,-3.2002777777777784,,,,,,,,,,,13.9,99.0,-10260.0,-0.9,CN,N,,,,,,,,,,,,,,,,,,,,
61,2000fa,0.0213,51892.1,0.2,"B,M,SA,SN",1.0,0.06,B,-19.52,0.07,-0.13,0.06,-0.12,0.06,CfA2,,15.0,108.87449999999998,23.42844444444445,0.022000000000000002,0.001,15.864,0.021,0.361,0.13,0.099,0.015,35.098,0.209,10.5,87.1,-11727.0,1.3,CN,N,2000fa,0.022,0.001,15.84,0.258,0.96,0.03,0.08,0.02,35.048,0.29600000000000004,sn00fa,0.022000000000000002,0.001,-0.124,0.062,0.46799999999999997,0.098,34.925,0.195
62,2001E,0.0191,51925.6,0.8,"B,M,SA,SN",0.92,0.06,B,-99.99,9.99,-9.99,9.99,-9.99,9.99,Gan10,,4.0,177.27083333333331,-9.73636111111111,,,,,,,,,,,11.4,118.3,-14035.0,2.8,BL,HV,,,,,,,,,,,,,,,,,,,,
63,2001G,0.0168,51929.6,2.2,"M,SA",9.99,9.99,,-99.99,9.99,-9.99,9.99,-9.99,9.99,CfA3,,15.0,137.38825,50.28091666666666,,,,,,,,,,,14.3,73.8,-11393.0,4.7,CN,N,sn01G,0.017,0.001,14.857,0.14,0.892,0.009000000000000001,-0.037000000000000005,0.017,34.285,0.218,,,,,,,,,
64,2001N,0.021,51930.8,0.0,SA,9.99,9.99,,-99.99,9.99,-9.99,9.99,-9.99,9.99,CfA3,,9.0,159.99200000000005,24.090555555555554,0.022000000000000002,0.001,16.552,0.028999999999999998,-0.602,0.268,0.369,0.021,35.016999999999996,0.213,11.2,109.3,-13942.0,0.7,BL,HV,,,,,,,,,,,,,,,,,,,,
65,2001V,0.0151,51972.8,0.4,"B,M,SA,SN",0.82,0.05,B,-19.6,0.06,-0.09,0.05,-0.05,0.05,CfA3,,38.0,179.353875,25.2025,,,,,,,,,,,9.1,57.0,-11449.0,-3.3,SS,91T,,,,,,,,,,,,,,,,,,,,
66,2001ay,0.0302,52022.0,0.8,Kri10,0.68,0.05,Kri10,-99.99,9.99,-9.99,9.99,-9.99,9.99,"CfA3,Kri10",,15.0,216.57083333333333,26.24883333333333,,,,,,,,,,,7.8,147.5,-14530.0,1.3,BL,HV,,,,,,,,,,,,,,,,,,,,
67,2001az,0.0407,52032.6,0.6,"B,M,SA,SN",1.09,0.06,B,-19.44,0.1,-0.1,0.05,-0.09,0.05,CfA3,,5.0,248.6154583333333,76.02966666666667,0.040999999999999995,0.001,16.891,0.028999999999999998,0.47200000000000003,0.34700000000000003,-0.044000000000000004,0.016,36.492,0.183,2.7,62.5,-11713.0,-3.1,SS,91T,sn01az,0.041,0.001,16.983,0.14,0.934,0.055,0.004,0.015,36.355,0.175,sn01az,0.040999999999999995,0.001,-0.03,0.10400000000000001,0.08800000000000001,0.07200000000000001,36.472,0.149
68,2001bf,0.0156,52045.7,0.8,"B,M,SA,SN",0.99,0.06,B,-19.52,0.1,-0.11,0.06,-0.1,0.05,CfA3,,9.0,270.391625,26.25063888888889,0.015,0.001,14.682,0.016,0.718,0.146,0.011000000000000001,0.012,34.172,0.244,13.8,120.9,-10484.0,0.8,BL,N,sn01bf,0.015,0.001,14.73,0.138,1.031,0.006,0.067,0.004,34.059,0.229,sn01bf,0.015,0.001,-0.17300000000000001,0.07400000000000001,0.26899999999999996,0.113,34.044000000000004,0.228
69,2001bg,0.0072,52040.0,0.4,"B,M,SA,SN",1.06,0.03,B,-99.99,9.99,-9.99,9.99,-9.99,9.99,Gan10,,5.0,128.8285833333333,28.468277777777768,,,,,,,,,,,12.8,126.1,-12054.0,4.2,BL,HV,,,,,,,,,,,,,,,,,,,,
70,2001br,0.0209,52050.9,0.8,"B,M,SA,SN",1.16,0.04,B,-19.22,0.08,-0.14,0.05,-0.13,0.05,Gan10,,5.0,277.6064583333333,34.103611111111114,,,,,,,,,,,10.3,94.2,-13509.0,-0.4,CN,HV,,,,,,,,,,,,,,,,,,,,
71,2001ck,0.0347,52072.3,0.2,"B,M,SA,SN",1.05,0.05,B,-19.44,0.08,-0.12,0.04,-0.12,0.04,Gan10,,4.0,219.45866666666663,30.48394444444445,,,,,,,,,,,16.0,83.8,-10896.0,4.8,CN,N,,,,,,,,,,,,,,,,,,,,
72,2001cp,0.0224,52088.4,0.1,"B,M,SA,SN",0.88,0.03,B,-19.63,0.08,-0.15,0.04,-0.15,0.04,"CfA3,Gan10",,8.0,257.76075,5.840777777777778,0.022000000000000002,0.001,15.11,0.17600000000000002,-1.851,1.162,-0.341,0.106,35.204,0.39399999999999996,4.1,78.9,-10687.0,0.8,CN,N,sn01cp,0.022,0.001,15.425,0.139,1.141,0.0,-0.14800000000000002,0.012,35.447,0.19,sn01cp,0.022000000000000002,0.001,0.054000000000000006,0.177,0.1,0.076,35.003,0.242
73,2001da,0.0172,52106.5,1.3,"B,M,SA,SN",1.12,0.03,B,-19.29,0.07,-0.08,0.04,-0.02,0.04,"CfA3,Gan10",,7.0,358.3865833333333,8.11738888888889,0.016,0.001,15.366,0.034,-4.263,0.815,0.033,0.036000000000000004,34.284,0.267,25.1,113.7,-11750.0,-0.0,BL,N,sn01da,0.016,0.001,15.345999999999998,0.138,0.908,0.001,0.098,0.011,34.443000000000005,0.224,sn01da,0.016,0.001,-0.038,0.09,0.21899999999999997,0.129,34.562,0.237
74,2001eh,0.0371,52169.5,0.3,"B,M,SA",0.92,0.06,B,-19.64,0.08,-0.09,0.04,-0.09,0.04,CfA3,,16.0,24.550416666666663,41.65522222222222,0.036000000000000004,0.001,16.572,0.013999999999999999,1.159,0.11199999999999999,0.016,0.013000000000000001,36.095,0.18,7.7,58.0,-10706.0,-0.1,SS,91T,sn01eh,0.036000000000000004,0.001,16.567999999999998,0.138,1.188,0.01,0.033,0.005,36.18,0.16,sn01eh,0.036000000000000004,0.001,-0.275,0.040999999999999995,0.027999999999999997,0.027000000000000003,36.295,0.124
75,2001en,0.0164,52191.9,1.2,"B,M,SA,SN",1.12,0.07,B,-19.32,0.09,-0.09,0.06,-0.07,0.07,"CfA3,Gan10",,9.0,21.345416666666665,34.02513888888889,0.015,0.001,15.062000000000001,0.047,-1.13,0.18600000000000005,0.085,0.025,34.176,0.252,8.9,132.3,-13107.0,1.5,BL,HV,,,,,,,,,,,,sn01en,0.015,0.001,0.065,0.07200000000000001,0.2,0.09300000000000001,34.249,0.22699999999999998
76,2001ep,0.013,52199.6,0.5,"B,M,SA,SN",1.3,0.06,B,-19.27,0.07,-0.1,0.04,-0.07,0.05,CfA3,,23.0,74.25108333333333,-4.761166666666667,0.013000000000000001,0.001,14.869000000000002,0.012,-1.2,0.138,0.132,0.012,33.859,0.268,29.6,110.5,-10810.0,-0.2,BL,N,,,,,,,,,,,,sn01ep,0.013000000000000001,0.001,0.081,0.068,0.474,0.085,33.795,0.24600000000000002
77,2001ex,0.0264,52204.1,0.5,"B,M",1.56,0.12,B,-99.99,9.99,-9.99,9.99,-9.99,9.99,Gan10,,1.0,103.99954166666666,55.40083333333333,,,,,,,,,,,33.7,106.6,-9951.0,-3.5,CL,N,,,,,,,,,,,,,,,,,,,,
78,2001fe,0.0134,52229.2,0.1,"B,M,SA,SN",1.0,0.07,B,-19.5,0.07,-0.08,0.05,-0.07,0.05,CfA3,,12.0,144.48791666666662,25.494805555555555,0.013999999999999999,0.001,14.636,0.017,0.36,0.136,0.015,0.015,34.078,0.254,17.0,69.6,-11123.0,0.3,CN,N,,,,,,,,,,,,sn01fe,0.013999999999999999,0.001,-0.141,0.054000000000000006,0.168,0.086,34.124,0.23399999999999999
79,2001fh,0.0123,52223.8,0.1,"B,M,SA,SN",1.51,0.08,B,-99.99,9.99,-9.99,9.99,-9.99,9.99,"CfA3,Gan10",,6.0,320.17708333333326,44.398111111111106,0.011000000000000001,0.001,14.199000000000002,0.021,-2.503,0.301,-0.033,0.021,33.463,0.294,20.8,81.6,-11028.0,-1.7,CN,N,,,,,,,,,,,,sn01fh,0.011000000000000001,0.001,0.583,0.111,0.15,0.126,33.728,0.272
80,2001gc,0.0193,52243.9,2.0,BSNIP,9.99,9.99,,-99.99,9.99,-9.99,9.99,-9.99,9.99,CfA3,,9.0,88.85891666666666,51.9095,,,,,,,,,,,10.8,136.5,-14332.0,3.4,BL,HV,,,,,,,,,,,,,,,,,,,,
81,2002G,0.0338,52299.1,1.4,"B,M,SA,SN",1.25,0.04,B,-19.35,0.09,-0.1,0.05,-0.19,0.05,"CfA3,Gan10",,2.0,196.98025,34.085138888888885,0.035,0.001,17.511,0.076,-2.017,0.7070000000000001,0.25,0.048,36.125,0.239,19.1,90.8,-12089.0,-2.5,CN,N,sn02G,0.035,0.001,17.52,0.14400000000000002,0.8009999999999999,0.032,0.255,0.022,36.077,0.18,,,,,,,,,
82,2002aw,0.0265,52324.4,0.9,"B,M,SA,SN",1.05,0.06,B,-19.38,0.08,-0.12,0.06,-0.06,0.06,Gan10,,3.0,249.37108333333333,40.88063888888889,,,,,,,,,,,16.5,70.8,-11183.0,-0.9,CN,N,,,,,,,,,,,,,,,,,,,,
83,2002bf,0.0244,52337.4,1.1,"B,M,SA",1.12,0.08,B,-19.34,0.09,-0.09,0.07,-0.05,0.07,"CfA3,Jha07",,13.0,153.92629166666666,55.668527777777776,0.025,0.001,16.305,0.04,-0.389,0.18899999999999997,0.228,0.025,35.143,0.209,9.1,139.0,-15151.0,1.8,BL,HV,sn02bf,0.025,0.001,16.584,0.138,0.731,0.005,0.272,0.008,35.01,0.18,sn02bf,0.025,0.001,-0.147,0.064,0.337,0.136,35.433,0.196
84,2002bo,0.0043,52356.7,0.7,"B,M,SA",1.08,0.04,B,-99.99,9.99,-9.99,9.99,-9.99,9.99,"CfA3,Jha07",,36.0,154.52712499999996,21.82825,,,,,,,,,,,9.7,145.3,-13198.0,-0.6,BL,HV,,,,,,,,,,,,,,,,,,,,
85,2002cd,0.0104,52383.2,0.4,"B,M,SA,SN",0.84,0.05,B,-99.99,9.99,-9.99,9.99,-9.99,9.99,"CfA3,Gan10",,15.0,305.89341666666667,58.3465,,,,,,,,,,,6.2,114.4,-15210.0,0.3,BL,HV,,,,,,,,,,,,,,,,,,,,
86,2002cf,0.0154,52384.8,0.3,"B,M",1.78,0.11,B,-99.99,9.99,-9.99,9.99,-9.99,9.99,Gan10,,1.0,193.63041666666663,-6.8568888888888875,,,,,,,,,,,42.2,99.1,-11785.0,-5.4,CL,91bg,,,,,,,,,,,,,,,,,,,,
87,2002ck,0.0298,52397.0,0.6,"B,SA",1.08,0.09,B,-19.43,0.08,-0.1,0.06,-0.08,0.06,CfA3,,8.0,236.75312499999995,-0.9904166666666666,0.03,0.001,16.289,0.015,-0.10099999999999999,0.122,-0.018000000000000002,0.015,35.764,0.188,7.6,73.9,-10277.0,0.3,CN,N,sn02ck,0.03,0.001,16.305,0.14,0.974,0.006,0.029,0.006999999999999999,35.661,0.17,sn02ck,0.03,0.001,-0.057999999999999996,0.073,0.139,0.08900000000000001,35.771,0.16899999999999998
88,2002cr,0.0094,52408.6,0.5,"B,M,SA,SN",1.19,0.06,B,-19.45,0.07,-0.15,0.05,-0.14,0.04,CfA3,,7.0,211.656625,-5.439416666666667,0.01,0.001,14.190999999999999,0.018000000000000002,-0.652,0.11599999999999999,0.031,0.015,33.489000000000004,0.311,19.3,101.6,-10026.0,0.7,CN,N,,,,,,,,,,,,sn02cr,0.01,0.001,-0.027000000000000003,0.061,0.27,0.09699999999999999,33.506,0.292
89,2002cs,0.0158,52410.0,0.7,"B,SA,SN",0.99,0.03,B,-19.55,0.09,-0.21,0.05,-0.17,0.04,Gan10,,5.0,281.7498333333333,45.70547222222223,,,,,,,,,,,13.0,125.3,-13484.0,3.3,BL,HV,,,,,,,,,,,,,,,,,,,,
90,2002cu,0.0228,52415.9,0.4,"B,M,SA,SN",1.35,0.03,B,-19.08,0.08,-0.09,0.05,-0.18,0.06,Gan10,,3.0,272.71,31.10897222222223,,,,,,,,,,,17.1,129.1,-12942.0,-3.3,BL,HV,,,,,,,,,,,,,,,,,,,,
91,2002cx,0.024,52415.7,1.5,"B,M",1.51,0.09,B,-99.99,9.99,-9.99,9.99,-9.99,9.99,"Jha07,Gan10",,5.0,198.45716666666667,6.958861111111113,,,,,,,,,,,7.4,18.4,-5451.0,-1.4,SS,-,,,,,,,,,,,,,,,,,,,,
92,2002de,0.028,52433.5,0.6,"B,M,SA",0.96,0.04,B,-19.51,0.08,-0.16,0.04,-0.26,0.11,"CfA3,Gan10",,11.0,244.12658333333331,35.70838888888889,0.027999999999999997,0.001,16.624000000000002,0.013000000000000001,-0.042,0.397,0.16399999999999998,0.013000000000000001,35.655,0.195,10.6,58.7,-11293.0,1.8,SS,N,sn02de,0.028,0.001,16.651,0.138,1.015,0.023,0.177,0.006999999999999999,35.675,0.174,sn02de,0.027999999999999997,0.001,-0.154,0.21,0.506,0.124,35.631,0.193
93,2002dj,0.0093,52450.6,0.2,"B,M,SA,SN",1.19,0.05,B,-19.35,0.07,-0.07,0.05,-0.05,0.04,"CfA3,Gan10",,7.0,198.25141666666664,-19.519083333333327,0.01,0.001,13.95,0.011000000000000001,-0.114,0.146,0.17,0.012,32.96,0.308,7.6,146.8,-14244.0,-3.6,BL,HV,,,,,,,,,,,,sn02dj,0.01,0.001,-0.204,0.114,0.415,0.114,33.126999999999995,0.29600000000000004
94,2002dl,0.0163,52452.0,0.0,"B,M",1.76,0.05,B,-99.99,9.99,-9.99,9.99,-9.99,9.99,Gan10,,4.0,335.2248333333333,33.29269444444444,,,,,,,,,,,33.8,76.3,-11779.0,-6.5,CL,91bg,,,,,,,,,,,,,,,,,,,,
95,2002do,0.0159,52442.4,0.9,"B,M",1.56,0.08,B,-99.99,9.99,-9.99,9.99,-9.99,9.99,"CfA3,Gan10",,5.0,299.05366666666663,40.43633333333333,0.015,0.001,15.45,0.111,-3.563,0.441,0.027999999999999997,0.052000000000000005,34.453,0.3,21.9,66.6,-11131.0,2.0,CN,N,sn02do,0.015,0.001,15.576,0.139,0.615,0.006,0.096,0.006999999999999999,34.315,0.23,sn02do,0.015,0.001,0.7390000000000001,0.11900000000000001,0.14,0.10400000000000001,34.305,0.223
96,2002dp,0.0117,52450.3,0.2,"B,M,SA,SN",1.12,0.04,B,-19.39,0.1,-0.11,0.05,-0.09,0.05,CfA3,,7.0,352.12549999999993,22.42744444444445,0.011000000000000001,0.001,14.548,0.013999999999999999,-0.654,0.22699999999999998,0.145,0.013999999999999999,33.562,0.307,25.8,107.0,-11426.0,-4.8,BL,N,,,,,,,,,,,,sn02dp,0.011000000000000001,0.001,0.03,0.14,0.47200000000000003,0.124,33.505,0.293
97,2002ef,0.0236,52490.4,0.4,"B,M,SA,SN",1.06,0.04,B,-19.34,0.08,-0.06,0.04,-0.19,0.03,Gan10,,1.0,357.8730833333333,-13.379555555555555,,,,,,,,,,,11.9,74.6,-11769.0,-2.9,CN,N,,,,,,,,,,,,,,,,,,,,
98,2002er,0.0091,52524.9,0.5,"B,M,SA,SN",1.23,0.03,B,-99.99,9.99,-9.99,9.99,-9.99,9.99,Jha07,,2.0,257.87449999999995,7.995777777777778,,,,,,,,,,,15.6,91.5,-11817.0,0.9,CN,N,,,,,,,,,,,,,,,,,,,,
99,2002es,0.018000000000000002,52518.3,0.3,BSNIP,9.99,9.99,,-99.99,9.99,-9.99,9.99,-9.99,9.99,CfA3,,6.0,50.94679166666666,40.564861111111114,0.018000000000000002,0.001,16.573,0.04,-1.844,0.264,0.408,0.027999999999999997,34.815,0.24,40.3,84.4,-5890.0,2.1,CL,91bg,,,,,,,,,,,,sn02es,0.018000000000000002,0.001,0.326,0.151,0.6759999999999999,0.188,34.415,0.235
100,2002eu,0.0376,52519.3,0.2,"B,M",1.52,0.08,B,-19.17,0.1,-0.17,0.07,-0.08,0.05,"CfA3,Gan10",,7.0,27.431666666666665,32.62861111111111,,,,,,,,,,,39.1,112.7,-11418.0,1.1,CL,N,,,,,,,,,,,,,,,,,,,,
101,2002fb,0.0156,52529.1,1.3,"B,M",1.77,0.11,B,-99.99,9.99,-9.99,9.99,-9.99,9.99,"CfA3,Gan10",,7.0,29.45375,36.34063888888889,,,,,,,,,,,40.9,101.2,-10864.0,0.3,CL,91bg,,,,,,,,,,,,sn02fb,0.015,0.001,1.278,0.085,0.687,0.153,34.209,0.23
102,2002fk,0.0075,52547.9,0.4,"B,M,SA,SN",1.13,0.03,B,-99.99,9.99,-9.99,9.99,-9.99,9.99,"CfA3,Gan10",,24.0,50.52379166666666,-15.400888888888893,,,,,,,,,,,10.3,75.7,-10057.0,-1.5,CN,N,,,,,,,,,,,,,,,,,,,,
103,2002ha,0.0144,52580.4,0.6,"B,M,SA,SN",1.22,0.04,B,-19.24,0.07,-0.15,0.04,-0.12,0.05,CfA3,,6.0,311.82741666666664,0.31266666666666665,0.013000000000000001,0.001,14.671,0.02,-1.7309999999999999,0.248,-0.028999999999999998,0.018000000000000002,34.006,0.266,25.3,106.7,-11154.0,1.7,BL,N,,,,,,,,,,,,sn02ha,0.013000000000000001,0.001,0.196,0.08900000000000001,0.106,0.08199999999999999,34.032,0.239
104,2002hd,0.035,52575.1,0.5,"B,SA",1.16,0.11,B,-19.39,0.1,-0.07,0.06,-0.01,0.06,CfA3,,3.0,133.51954166666664,-7.183277777777778,0.036000000000000004,0.001,16.709,0.016,-0.7759999999999999,0.439,0.092,0.015,35.843,0.187,24.1,111.4,-11220.0,1.4,BL,N,sn02hd,0.036000000000000004,0.001,16.586,0.142,0.86,0.019,0.047,0.011,35.757,0.16699999999999998,sn02hd,0.036000000000000004,0.001,0.131,0.14300000000000002,0.235,0.14400000000000002,35.82,0.20199999999999999
105,2002he,0.0246,52585.8,0.2,"B,M,SA,SN",1.44,0.06,B,-19.08,0.09,-0.08,0.06,-0.07,0.07,"CfA3,Gan10",,5.0,124.995125,62.82033333333334,0.025,0.001,16.230999999999998,0.039,-2.1180000000000003,0.268,0.012,0.026000000000000002,35.424,0.21,22.8,113.8,-13002.0,-3.2,BL,HV,sn02he,0.025,0.001,16.23,0.139,0.778,0.008,0.042,0.006999999999999999,35.311,0.181,sn02he,0.025,0.001,0.493,0.114,0.07200000000000001,0.061,35.286,0.196
106,2002hu,0.0374,52592.0,0.1,"B,M,SA,SN",1.05,0.03,B,-19.59,0.06,-0.14,0.03,-0.13,0.04,CfA3,,5.0,34.58358333333333,37.46633333333335,0.038,0.001,16.582,0.011000000000000001,0.096,0.134,-0.052000000000000005,0.01,36.163000000000004,0.177,9.1,64.6,-9897.0,-0.7,SS,91T,sn02hu,0.038,0.001,16.607,0.138,1.009,0.006999999999999999,-0.026,0.004,36.15,0.158,sn02hu,0.038,0.001,-0.193,0.051,0.055999999999999994,0.047,36.289,0.128
107,2002hw,0.0175,52595.4,0.1,"B,M,SN",1.44,0.08,B,-99.99,9.99,-9.99,9.99,-9.99,9.99,CfA3,,5.0,1.7044166666666667,8.63013888888889,0.016,0.001,16.680999999999994,0.031,-2.245,0.255,0.531,0.026000000000000002,34.574,0.245,35.0,113.7,-10857.0,-3.2,CL,N,sn02hw,0.016,0.001,16.625999999999998,0.139,0.748,0.009000000000000001,0.459,0.008,34.59,0.221,sn02hw,0.016,0.001,0.741,0.095,1.031,0.159,34.037,0.21600000000000003
108,2002jg,0.0157,52609.6,0.1,"B,M,SA,SN",1.42,0.07,B,-99.99,9.99,-9.99,9.99,-9.99,9.99,Gan10,,4.0,334.86999999999995,29.38458333333333,,,,,,,,,,,30.2,102.5,-11848.0,-3.4,CL,N,,,,,,,,,,,,,,,,,,,,
109,2002jy,0.0196,52634.0,0.4,"B,M,SA,SN",0.88,0.06,B,-19.58,0.08,-0.15,0.05,-0.14,0.05,CfA3,,11.0,20.317791666666672,40.49869444444445,0.02,0.001,15.69,0.013000000000000001,0.8190000000000001,0.16699999999999998,0.011000000000000001,0.013000000000000001,35.19,0.214,4.5,86.3,-10938.0,0.1,CN,N,sn02jy,0.02,0.001,15.743,0.138,1.08,0.009000000000000001,0.053,0.005,35.169000000000004,0.197,sn02jy,0.02,0.001,-0.19699999999999998,0.068,0.10800000000000001,0.076,35.275,0.184
110,2002kf,0.0193,52638.2,0.1,"B,M,SA,SN",1.2,0.07,B,-19.3,0.08,-0.13,0.06,-0.13,0.05,CfA3,,11.0,99.31379166666666,49.852833333333336,0.019,0.001,15.651,0.027000000000000003,-1.37,0.16399999999999998,0.023,0.018000000000000002,34.893,0.22,,,,,,,sn02kf,0.019,0.001,15.659,0.138,0.868,0.005,0.019,0.005,34.912,0.2,sn02kf,0.019,0.001,0.158,0.068,0.08,0.057,35.025,0.18600000000000003
111,2003U,0.0281,52677.3,0.1,"B,M,SA,SN",1.46,0.1,B,-19.12,0.1,-0.07,0.06,-0.05,0.06,CfA3,,3.0,260.69024999999993,62.163999999999994,0.027999999999999997,0.001,16.457,0.043,-2.613,0.542,0.03,0.033,35.55300000000001,0.217,22.0,116.0,-11368.0,-0.7,BL,N,sn03U,0.028,0.001,16.480999999999998,0.138,0.762,0.008,0.07200000000000001,0.006999999999999999,35.463,0.173,,,,,,,,,
112,2003W,0.0201,52679.7,0.0,"B,M,SA,SN",1.14,0.04,B,-19.31,0.09,-0.01,0.04,0.03,0.05,CfA3,,17.0,146.70616666666666,16.04377777777778,0.021,0.001,15.853,0.01,-0.275,0.095,0.19,0.01,34.796,0.209,5.3,103.4,-14994.0,-0.4,BL,HV,sn03W,0.021,0.001,15.865,0.138,0.932,0.001,0.189,0.004,34.757,0.192,,,,,,,,,
113,2003Y,0.0169,52676.7,0.2,"B,M",1.65,0.08,B,-99.99,9.99,-9.99,9.99,-9.99,9.99,Gan10,,3.0,133.64416666666665,57.17216666666666,,,,,,,,,,,57.8,102.5,-10877.0,-3.4,CL,91bg,,,,,,,,,,,,,,,,,,,,
114,2003cg,0.0041,52729.4,0.4,"B,SA,SN",1.26,0.05,B,-99.99,9.99,-9.99,9.99,-9.99,9.99,"CfA3,Gan10",,18.0,153.5665416666666,3.467361111111112,,,,,,,,,,,18.8,93.7,-11373.0,-0.2,CN,N,,,,,,,,,,,,,,,,,,,,
115,2003ch,0.025,52725.3,0.8,"M,SA,SN",1.22,0.07,SN,-99.99,9.99,-9.99,9.99,-9.99,9.99,CfA3,,13.0,109.49133333333332,9.693027777777775,0.03,0.001,16.654,0.017,-1.63,0.213,0.019,0.017,35.879,0.192,18.1,104.8,-10979.0,-0.2,BL,N,sn03ch,0.03,0.001,16.656,0.138,0.807,0.01,0.022,0.006,35.826,0.16899999999999998,sn03ch,0.03,0.001,0.16,0.107,0.102,0.076,35.97,0.161
116,2003cq,0.0333,52738.2,0.9,"B,M,SA,SN",1.2,0.06,B,-19.34,0.09,-0.15,0.05,-0.11,0.06,"CfA3,Gan10",,8.0,179.05904166666664,60.521972222222225,0.034,0.001,17.208,0.047,-0.985,0.239,0.22699999999999998,0.040999999999999995,35.985,0.213,26.8,124.3,-11684.0,0.0,BL,N,sn03cq,0.034,0.001,17.208,0.14,0.898,0.011,0.202,0.016,36.024,0.16899999999999998,sn03cq,0.034,0.001,0.0,0.09,0.6890000000000001,0.262,35.91,0.28800000000000003
117,2003du,0.0064,52766.1,1.0,"B,M,SA,SN",1.07,0.06,B,-99.99,9.99,-9.99,9.99,-9.99,9.99,"CfA3,Jha07",,23.0,218.64916666666664,59.3343888888889,,,,,,,,,,,1.9,88.8,-10527.0,-0.3,CN,N,,,,,,,,,,,,,,,,,,,,
118,2003fa,0.0404,52806.2,0.5,"B,M,SA,SN",0.8,0.05,B,-19.65,0.07,-0.11,0.05,-0.09,0.05,CfA3,,20.0,266.0321666666666,40.881,0.039,0.001,16.642,0.016,1.128,0.134,-0.005,0.013000000000000001,36.215,0.17800000000000002,2.9,39.8,-10422.0,-5.6,SS,91T,sn03fa,0.039,0.001,16.643,0.138,1.067,0.006,-0.008,0.004,36.212,0.157,sn03fa,0.039,0.001,-0.272,0.039,0.032,0.027999999999999997,36.372,0.11900000000000001
119,2003gn,0.0346,52852.5,0.2,"B,M,SA,SN",1.22,0.04,B,-19.21,0.08,-0.18,0.05,-0.17,0.05,Gan10,,1.0,338.4653333333333,20.80236111111111,,,,,,,,,,,23.8,137.5,-12868.0,-3.0,BL,HV,,,,,,,,,,,,,,,,,,,,
120,2003gq,0.0214,52847.9,0.6,Gan10,1.69,0.19,Gan10,-99.99,9.99,-9.99,9.99,-9.99,9.99,Gan10,,1.0,343.33616666666666,32.132666666666665,,,,,,,,,,,,,,,,,,,,,,,,,,,,,,,,,,,,
121,2003hu,0.075,52901.1,2.1,"M,SA,SN",9.99,9.99,,-99.99,9.99,-9.99,9.99,-9.99,9.99,CfA3,,6.0,287.88083333333327,77.89311111111111,0.075,0.001,18.403,0.10300000000000001,0.872,0.42,0.166,0.036000000000000004,37.525,0.217,10.8,34.2,-9725.0,0.1,SS,91T,,,,,,,,,,,,sn03hu,0.075,0.001,-0.254,0.081,0.282,0.16699999999999998,37.691,0.195
122,2003ic,0.0553,52905.8,1.5,"M,SA",9.99,9.99,,-99.99,9.99,-9.99,9.99,-9.99,9.99,CfA3,,8.0,10.459291666666664,-9.305277777777778,0.054000000000000006,0.001,17.63,0.026000000000000002,-2.497,0.319,0.018000000000000002,0.027000000000000003,36.769,0.184,4.5,78.9,-12179.0,-2.3,CN,N,sn03ic,0.054000000000000006,0.001,17.64,0.139,0.738,0.023,0.036000000000000004,0.015,36.685,0.157,sn03ic,0.054000000000000006,0.001,0.248,0.13,0.152,0.11599999999999999,36.763000000000005,0.17
123,2003it,0.0251,52934.5,0.2,"B,M,SA,SN",1.36,0.09,B,-19.17,0.1,-0.08,0.05,-0.06,0.05,CfA3,,15.0,1.4519583333333332,27.452666666666666,0.024,0.001,16.334,0.025,-1.7380000000000002,0.341,0.086,0.027000000000000003,35.383,0.212,17.4,97.4,-11737.0,-0.2,CN,N,sn03it,0.024,0.001,16.351,0.139,0.8170000000000001,0.013,0.08900000000000001,0.012,35.35800000000001,0.185,sn03it,0.024,0.001,0.401,0.11,0.252,0.12,35.248000000000005,0.188
124,2003iv,0.0343,52933.9,0.4,"M,SA",1.65,0.07,Pri09,-99.99,9.99,-9.99,9.99,-9.99,9.99,CfA3,,8.0,42.53020833333333,12.84625,0.034,0.001,16.956,0.024,-2.4219999999999997,0.46799999999999997,-0.024,0.025,36.204,0.198,30.2,109.0,-10920.0,-0.5,CL,N,sn03iv,0.034,0.001,16.951,0.138,0.715,0.016,-0.016,0.009000000000000001,36.104,0.165,sn03iv,0.034,0.001,0.40299999999999997,0.106,0.07400000000000001,0.055,36.213,0.155
125,2003kc,0.0334,52977.4,2.9,"M,SA",9.99,9.99,,-99.99,9.99,-9.99,9.99,-9.99,9.99,"CfA3,Gan10",,7.0,146.643,30.655277777777766,,,,,,,,,,,7.6,109.8,-12850.0,-0.9,BL,HV,,,,,,,,,,,,,,,,,,,,
126,2003kf,0.0074,52980.8,0.4,"B,M,SA,SN",1.1,0.05,B,-99.99,9.99,-9.99,9.99,-9.99,9.99,"CfA3,Gan10",,26.0,91.14758333333332,-12.628555555555556,,,,,,,,,,,8.5,79.3,-11500.0,-3.4,CN,N,,,,,,,,,,,,,,,,,,,,
127,2004L,0.0323,53028.9,0.3,"B,M,SA,SN",1.12,0.07,B,-19.29,0.09,-0.08,0.06,-0.06,0.06,CfA3,,13.0,156.767125,16.018694444444446,0.033,0.001,17.377,0.034,-1.147,0.306,0.285,0.025,35.993,0.196,12.1,57.6,-10117.0,2.5,CN,N,sn04L,0.033,0.001,17.307000000000002,0.142,0.89,0.018000000000000002,0.21600000000000005,0.016,36.074,0.172,,,,,,,,,
128,2004as,0.031,53085.4,0.6,"B,M,SA,SN",0.92,0.08,B,-19.47,0.09,-0.14,0.05,-0.14,0.05,CfA3,,18.0,171.41324999999995,22.830388888888887,0.032,0.001,16.948,0.015,-0.13699999999999998,0.166,0.134,0.015,36.044000000000004,0.18600000000000005,11.8,130.5,-11844.0,-0.1,BL,N,sn04as,0.032,0.001,16.977,0.138,0.97,0.011,0.14800000000000002,0.008,36.021,0.166,sn04as,0.032,0.001,-0.154,0.057,0.37799999999999995,0.10099999999999999,36.155,0.16399999999999998
129,2004at,0.0223,53092.0,0.8,"B,M,SA,SN",1.05,0.03,B,-19.49,0.06,-0.16,0.03,-0.17,0.05,Gan10,,11.0,164.68824999999995,59.48666666666666,,,,,,,,,,,9.3,87.3,-10749.0,0.2,CN,N,,,,,,,,,,,,,,,,,,,,
130,2004bg,0.0208,53109.5,0.5,"B,M,SA",1.05,0.09,B,-19.46,0.08,-0.07,0.06,-0.05,0.07,CfA3,,5.0,170.25637499999996,21.339833333333328,0.022000000000000002,0.001,15.527999999999999,0.05,0.40299999999999997,0.172,-0.001,0.026000000000000002,35.015,0.22,13.7,92.5,-10160.0,2.6,CN,N,sn04bg,0.022,0.001,15.618,0.141,1.038,0.011,0.015,0.012,35.091,0.193,sn04bg,0.022000000000000002,0.001,-0.124,0.06,0.09699999999999999,0.077,35.141999999999996,0.18
131,2004bk,0.023,53112.8,0.3,"B,SA",1.02,0.07,B,-19.51,0.08,-0.1,0.05,-0.09,0.09,Gan10,,1.0,204.36966666666663,4.103138888888888,,,,,,,,,,,14.9,73.7,-11811.0,6.4,CN,HV,,,,,,,,,,,,,,,,,,,,
132,2004ef,0.031,53263.7,0.2,"B,M,SA,SN",1.39,0.04,B,-19.19,0.08,-0.09,0.04,-0.06,0.05,"CfA3,Gan10",,15.0,340.54388749999987,19.996941666666668,,,,,,,,,,,20.2,126.4,-12332.0,-0.4,BL,HV,,,,,,,,,,,,,,,,,,,,
133,2004fu,0.0092,53325.6,0.2,"M,SA,SN",1.08,0.07,SN,-99.99,9.99,-9.99,9.99,-9.99,9.99,CfA3,,9.0,308.7980833333333,64.80713888888889,,,,,,,,,,,19.5,134.1,-12391.0,2.4,BL,HV,,,,,,,,,,,,,,,,,,,,
134,2004fz,0.0173,53333.3,0.3,"B,M,SA,SN",1.36,0.05,B,-19.29,0.08,-0.12,0.05,-0.14,0.05,Gan10,,1.0,30.276708333333332,31.87894444444445,,,,,,,,,,,31.1,80.0,-11061.0,-6.8,CN,N,,,,,,,,,,,,,,,,,,,,
135,2004gs,0.0266,53355.8,0.1,"B,SA",1.41,0.11,B,-19.25,0.16,-0.21,0.06,-0.08,0.05,Gan10,,10.0,129.59937916666664,17.631347222222214,,,,,,,,,,,43.8,133.7,-11262.0,-0.3,CL,N,,,,,,,,,,,,,,,,,,,,
136,2005A,0.0191,53379.5,0.2,Bur11,1.11,0.05,Bur11,-99.99,9.99,-9.99,9.99,-9.99,9.99,Con10,,4.0,37.68020833333333,-2.9388333333333336,,,,,,,,,,,,,,,,,,,,,,,,,,,,,,,,,,,,
137,2005M,0.022,53405.1,1.4,"B,M,SA,SN",0.87,0.06,B,-19.74,0.08,-0.25,0.05,-0.15,0.04,"CfA3,Gan10",,10.0,144.38649999999996,23.20277777777777,,,,,,,,,,,7.3,44.3,-8102.0,0.2,SS,91T,,,,,,,,,,,,,,,,,,,,
138,2005am,0.0084,53435.3,0.5,"B,M,SA,SN",1.3,0.05,B,-99.99,9.99,-9.99,9.99,-9.99,9.99,"CfA3,Gan10",,19.0,139.05195833333335,-16.304444444444446,,,,,,,,,,,26.1,117.5,-11961.0,2.0,BL,N,,,,,,,,,,,,,,,,,,,,
139,2005bc,0.0121,53469.5,0.4,"B,M,SA,SN",1.32,0.05,B,-99.99,9.99,-9.99,9.99,-9.99,9.99,Gan10,,2.0,219.3115833333333,38.454083333333344,,,,,,,,,,,27.7,99.0,-11510.0,-5.0,CN,N,,,,,,,,,,,,,,,,,,,,
140,2005bl,0.024,53482.1,0.3,Tau08,1.93,0.1,Tau08,-99.99,9.99,-9.99,9.99,-9.99,9.99,Tau08,,1.0,181.051,20.406833333333328,,,,,,,,,,,46.0,82.8,-10589.0,-2.9,CL,91bg,,,,,,,,,,,,,,,,,,,,
141,2005bo,0.0137,53478.3,0.7,"B,M,SA,SN",1.28,0.03,B,-19.28,0.07,-0.12,0.04,-0.13,0.06,Gan10,,2.0,192.42095833333332,-11.0965,,,,,,,,,,,23.0,98.0,-11068.0,-0.1,CN,N,,,,,,,,,,,,,,,,,,,,
142,2005cc,0.0075,53518.6,0.5,B,1.94,0.06,B,-99.99,9.99,-9.99,9.99,-9.99,9.99,Gan10,,12.0,209.27066666666664,41.8465,,,,,,,,,,,,,,,,,,,,,,,,,,,,,,,,,,,,
143,2005cf,0.0065,53533.7,0.2,"B,M,SA,SN",1.1,0.03,B,-99.99,9.99,-9.99,9.99,-9.99,9.99,CfA3,,27.0,230.388,-7.449194444444445,,,,,,,,,,,6.5,99.1,-10352.0,-0.2,CN,N,,,,,,,,,,,,,,,,,,,,
144,2005el,0.0148,53646.4,0.2,"B,M,SA,SN",1.27,0.05,B,-19.18,0.06,-0.08,0.04,-0.06,0.05,CfA3,,8.0,77.95316666666666,5.194166666666667,0.015,0.001,14.804,0.013000000000000001,-1.7469999999999999,0.077,-0.065,0.013000000000000001,34.225,0.248,20.6,90.8,-10675.0,2.1,CN,N,,,,,,,,,,,,sn05el,0.015,0.001,0.259,0.057,0.04,0.034,34.286,0.218
145,2005eq,0.029,53654.0,0.4,"B,M,SA,SN",0.88,0.05,B,-19.63,0.07,-0.11,0.05,-0.1,0.05,CfA3,,12.0,47.20545833333333,-7.03325,0.027999999999999997,0.001,16.223,0.012,0.82,0.09300000000000001,0.034,0.01,35.668,0.18899999999999997,5.6,53.1,-9876.0,0.4,SS,91T,sn05eq,0.028,0.001,16.268,0.138,1.119,0.005,0.059,0.004,35.726,0.171,sn05eq,0.027999999999999997,0.001,-0.266,0.039,0.08,0.063,35.885999999999996,0.14800000000000002
146,2005eu,0.0349,53659.7,0.0,"B,M,SA,SN",0.89,0.06,B,-19.66,0.08,-0.09,0.06,-0.06,0.06,CfA3,,7.0,36.930416666666666,28.17716666666667,0.034,0.001,16.361,0.024,0.6859999999999999,0.122,-0.064,0.021,36.034,0.188,2.7,28.7,-11170.0,-5.2,SS,N,sn05eu,0.034,0.001,16.281,0.138,1.008,0.018000000000000002,-0.129,0.004,36.088,0.163,sn05eu,0.034,0.001,-0.251,0.042,0.061,0.048,36.18,0.14
147,2005hc,0.0459,53667.7,0.4,"B,M,SA,SN",1.03,0.04,B,-19.57,0.08,-0.17,0.04,-0.16,0.04,CfA3,,3.0,29.1999,-0.2135055555555556,0.045,0.001,17.311,0.01,-0.022000000000000002,0.14,0.008,0.009000000000000001,36.731,0.17300000000000001,16.2,86.8,-11172.0,5.4,CN,N,sn05hc,0.045,0.001,17.373,0.138,0.977,0.006999999999999999,0.068,0.005,36.634,0.153,sn05hc,0.045,0.001,-0.129,0.055999999999999994,0.132,0.081,36.869,0.14
148,2005hk,0.013,53684.6,0.5,Phi07,1.56,0.09,Phi07,-99.99,9.99,-9.99,9.99,-9.99,9.99,"CfA3,Phi07",,13.0,6.962041666666666,-1.1981388888888889,,,,,,,,,,,9.9,26.4,-5491.0,-1.4,SS,-,,,,,,,,,,,,,,,,,,,,
149,2005iq,0.034,53687.4,0.3,"B,M,SA,SN",1.19,0.06,B,-19.32,0.08,-0.15,0.04,-0.13,0.04,CfA3,,1.0,359.63541666666663,-18.709166666666665,0.033,0.001,16.787,0.015,-1.556,0.187,-0.040999999999999995,0.013999999999999999,36.169000000000004,0.185,17.0,90.0,-11593.0,-6.0,CN,N,sn05iq,0.033,0.001,16.775,0.138,0.833,0.009000000000000001,-0.051,0.008,36.166,0.165,sn05iq,0.033,0.001,0.172,0.07400000000000001,0.086,0.068,36.203,0.14800000000000002
150,2005kc,0.0151,53697.3,0.2,"B,M,SN",1.24,0.04,B,-19.39,0.08,-0.14,0.05,-0.07,0.05,CfA3,,6.0,338.5305833333333,5.568416666666668,0.013999999999999999,0.001,15.616,0.012,-0.747,0.1,0.32,0.012,34.187,0.257,26.5,84.6,-10248.0,6.7,CN,N,,,,,,,,,,,,sn05kc,0.013999999999999999,0.001,0.009000000000000001,0.064,1.137,0.122,33.766999999999996,0.242
151,2005ke,0.0045,53698.8,0.7,"M,SN",1.82,0.05,SN,-99.99,9.99,-9.99,9.99,-9.99,9.99,CfA3,,10.0,53.768125,-24.944111111111113,,,,,,,,,,,53.2,100.3,-9646.0,0.5,CL,91bg,,,,,,,,,,,,,,,,,,,,
152,2005ki,0.0196,53705.5,0.3,"B,M,SA,SN",1.41,0.07,B,-19.19,0.06,-0.08,0.03,-0.07,0.03,CfA3,,1.0,160.11814583333333,9.182538888888887,0.021,0.001,15.546,0.021,-2.077,0.14800000000000002,-0.057999999999999996,0.018000000000000002,34.914,0.214,21.2,101.8,-11203.0,1.0,CN,N,sn05ki,0.021,0.001,15.566,0.138,0.794,0.004,-0.034,0.006,34.864000000000004,0.194,sn05ki,0.021,0.001,0.376,0.068,0.084,0.055999999999999994,34.806,0.179
153,2005lz,0.04,53736.1,0.1,"B,M,SA",1.34,0.08,B,-19.22,0.09,-0.09,0.05,-0.09,0.05,CfA3,,1.0,32.707333333333324,34.98283333333333,0.04,0.001,17.59,0.015,-1.4609999999999999,0.188,0.127,0.015,36.567,0.179,,,,,,,sn05lz,0.04,0.001,17.596,0.138,0.807,0.009000000000000001,0.15,0.006,36.432,0.157,sn05lz,0.04,0.001,0.203,0.08800000000000001,0.39399999999999996,0.11800000000000001,36.519,0.166
154,2005mc,0.0253,53733.6,0.2,"M,SN",1.63,0.05,SN,-99.99,9.99,-9.99,9.99,-9.99,9.99,CfA3,,2.0,126.77649999999996,21.646,0.026000000000000002,0.001,17.236,0.018000000000000002,-3.0410000000000004,0.242,0.309,0.017,35.597,0.19899999999999998,22.0,75.9,-12349.0,-2.2,CN,N,sn05mc,0.026,0.001,17.184,0.138,0.622,0.006,0.256,0.005,35.518,0.17600000000000002,sn05mc,0.026000000000000002,0.001,0.888,0.08,0.36700000000000005,0.151,35.361,0.17
155,2005na,0.0263,53740.9,1.3,"B,M,SA",1.09,0.06,B,-19.37,0.07,-0.1,0.06,-0.08,0.06,"CfA3,Gan10",,6.0,105.40258333333333,14.13325,0.027000000000000003,0.001,16.099,0.016,-0.73,0.10099999999999999,0.012,0.013999999999999999,35.436,0.19399999999999998,9.4,76.6,-10655.0,1.4,CN,N,sn05na,0.027000000000000003,0.001,16.059,0.138,0.92,0.001,0.003,0.005,35.417,0.174,sn05na,0.027000000000000003,0.001,-0.006999999999999999,0.055,0.12,0.084,35.461999999999996,0.165
156,2006D,0.0086,53757.0,0.3,"B,M,SA,SN",1.35,0.05,B,-99.99,9.99,-9.99,9.99,-9.99,9.99,CfA3,,2.0,193.141125,-9.775194444444443,,,,,,,,,,,21.4,94.4,-10833.0,-1.4,CN,N,,,,,,,,,,,,,,,,,,,,
157,2006H,0.014,53752.6,0.4,"M,SN",1.83,0.05,SN,-99.99,9.99,-9.99,9.99,-9.99,9.99,CfA3,,14.0,51.50620833333333,40.695138888888884,,,,,,,,,,,42.1,99.0,-10387.0,4.5,CL,91bg,,,,,,,,,,,,,,,,,,,,
158,2006N,0.0143,53760.6,0.2,"B,M,SA,SN",1.5,0.03,B,-19.18,0.08,-0.09,0.04,-0.07,0.04,CfA3,,12.0,92.13016666666668,64.7236388888889,0.013999999999999999,0.001,15.13,0.016,-2.439,0.122,0.01,0.013999999999999999,34.294000000000004,0.253,19.1,86.8,-11266.0,0.7,CN,N,,,,,,,,,,,,,,,,,,,,
159,2006S,0.0321,53769.2,0.1,"B,M,SA,SN",0.93,0.04,B,-19.64,0.08,-0.14,0.04,-0.12,0.04,CfA3,,9.0,191.41291666666663,35.08677777777778,0.033,0.001,16.804000000000002,0.01,0.547,0.10300000000000001,0.098,0.01,36.062,0.182,1.2,64.1,-10847.0,0.2,SS,N,sn06S,0.033,0.001,16.831,0.138,1.035,0.02,0.117,0.001,36.036,0.165,,,,,,,,,
160,2006X,0.0052,53786.1,0.8,"B,SA,SN",1.18,0.03,B,-99.99,9.99,-9.99,9.99,-9.99,9.99,CfA3,,25.0,185.72470833333333,15.808888888888893,,,,,,,,,,,8.0,175.7,-15680.0,1.3,BL,HV,,,,,,,,,,,,,,,,,,,,
161,2006ac,0.0227,53781.1,0.2,"B,M,SA,SN",1.2,0.03,B,-19.21,0.07,-0.01,0.04,0.01,0.05,CfA3,,12.0,190.43708333333333,35.068722222222235,0.024,0.001,16.164,0.012,-0.968,0.098,0.126,0.011000000000000001,35.19300000000001,0.201,18.0,142.2,-12865.0,6.2,BL,HV,sn06ac,0.024,0.001,16.147000000000002,0.138,0.8690000000000001,0.005,0.092,0.004,35.21,0.183,sn06ac,0.024,0.001,0.175,0.066,0.209,0.08199999999999999,35.292,0.17300000000000001
162,2006al,0.0679,53787.7,0.3,"M,SA,SN",1.35,0.07,SN,-99.99,9.99,-9.99,9.99,-9.99,9.99,CfA3,,6.0,159.86774999999997,5.183416666666667,0.069,0.001,18.395,0.027000000000000003,-2.2769999999999997,0.327,-0.012,0.025,37.63,0.18,19.4,99.3,-10885.0,2.5,CN,N,sn06al,0.069,0.001,18.379,0.138,0.775,0.003,-0.049,0.012,37.691,0.14800000000000002,sn06al,0.069,0.001,0.16399999999999998,0.10099999999999999,0.075,0.055999999999999994,37.834,0.134
163,2006ax,0.0167,53826.8,0.3,"B,M,SA,SN",1.06,0.03,B,-19.5,0.06,-0.1,0.03,-0.09,0.03,CfA3,,4.0,171.01441666666662,-12.291444444444444,0.018000000000000002,0.001,15.005999999999998,0.008,-0.052000000000000005,0.057,-0.039,0.008,34.541,0.223,9.4,93.1,-10233.0,0.5,CN,N,sn06ax,0.018000000000000002,0.001,15.054,0.138,0.969,0.003,-0.017,0.003,34.524,0.208,sn06ax,0.018000000000000002,0.001,-0.141,0.04,0.062,0.046,34.684,0.18600000000000003
164,2006az,0.0311,53826.4,0.4,"B,M,SA,SN",1.29,0.03,B,-19.28,0.06,-0.14,0.04,-0.1,0.04,CfA3,,2.0,183.06116666666665,56.1793888888889,0.032,0.001,16.436,0.012,-1.758,0.09,-0.052000000000000005,0.011000000000000001,35.824,0.184,20.0,78.3,-10776.0,-1.0,CN,N,sn06az,0.032,0.001,16.441,0.138,0.818,0.003,-0.049,0.003,35.806,0.165,sn06az,0.032,0.001,0.248,0.054000000000000006,0.040999999999999995,0.034,35.852,0.13699999999999998
165,2006bq,0.0219,53846.9,0.8,"B,SA,SN",1.29,0.06,B,-19.18,0.09,-0.09,0.07,-0.07,0.07,CfA3,,1.0,279.9945,39.98077777777778,0.021,0.001,16.218,0.013999999999999999,-1.9,0.115,0.162,0.012,35.062,0.20800000000000002,20.9,179.4,-13581.0,5.3,BL,HV,sn06bq,0.021,0.001,16.273,0.138,0.773,0.011,0.156,0.001,35.053000000000004,0.191,sn06bq,0.021,0.001,0.28600000000000003,0.071,0.235,0.111,35.163000000000004,0.18600000000000003
166,2006br,0.0245,53852.1,1.1,"B,SA,SN",1.12,0.09,B,-99.99,9.99,-9.99,9.99,-9.99,9.99,CfA3,,2.0,202.5075,13.415777777777775,,,,,,,,,,,8.2,91.8,-13962.0,0.2,BL,HV,,,,,,,,,,,,,,,,,,,,
167,2006bt,0.0322,53857.4,0.6,"B,M,SA",1.0,0.06,B,-19.47,0.09,-0.13,0.06,-0.08,0.06,"CfA3,Gan10",,9.0,239.140875,20.052,0.033,0.001,16.896,0.008,0.069,0.10400000000000001,0.162,0.008,35.944,0.182,34.7,122.7,-11515.0,-0.1,CL,N,sn06bt,0.033,0.001,16.915,0.138,0.99,0.006999999999999999,0.149,0.004,35.981,0.16399999999999998,sn06bt,0.033,0.001,-0.198,0.047,0.664,0.098,35.784,0.158
168,2006bu,0.081,53856.4,0.2,M,9.99,9.99,,-99.99,9.99,-9.99,9.99,-9.99,9.99,CfA3,,1.0,208.19920833333333,5.313722222222221,0.084,0.001,18.133,0.09,2.347,0.816,-0.126,0.042,38.131,0.22899999999999998,,,,,,,sn06bu,0.084,0.001,18.086,0.16,1.4,0.044,-0.037000000000000005,0.031,38.143,0.19,sn06bu,0.084,0.001,-0.27,0.102,0.067,0.065,38.016999999999996,0.131
169,2006bw,0.03,53852.3,3.5,"B,SA",1.28,0.09,B,-19.29,0.1,-0.11,0.07,-0.1,0.08,CfA3,,1.0,218.486375,3.798833333333333,0.031,0.001,17.476,0.052000000000000005,-2.173,0.272,0.369,0.028999999999999998,35.778,0.20600000000000002,48.6,131.9,-11012.0,4.9,CL,N,,,,,,,,,,,,sn06bw,0.031,0.001,0.42700000000000005,0.132,0.358,0.215,35.681999999999995,0.20600000000000002
170,2006bz,0.0268,53862.6,0.2,M,2.09,0.16,CfA3,-99.99,9.99,-9.99,9.99,-9.99,9.99,CfA3,,3.0,195.18075,27.96161111111111,,,,,,,,,,,47.8,110.2,-10443.0,-0.3,CL,91bg,sn06bz,0.028,0.001,18.244,0.138,0.496,0.005,0.5589999999999999,0.009000000000000001,35.63800000000001,0.174,sn06bz,0.027999999999999997,0.001,1.505,0.075,0.35100000000000003,0.193,35.306999999999995,0.191
171,2006cf,0.0416,53872.4,0.2,M,9.99,9.99,,-99.99,9.99,-9.99,9.99,-9.99,9.99,CfA3,,7.0,163.51075,46.02675,0.042,0.001,17.090999999999998,0.04,-1.166,0.415,-0.02,0.027999999999999997,36.461999999999996,0.195,13.7,82.2,-10512.0,1.8,CN,N,sn06cf,0.042,0.001,17.082,0.138,0.887,0.001,-0.011,0.006999999999999999,36.436,0.155,sn06cf,0.042,0.001,-0.055999999999999994,0.095,0.114,0.08,36.564,0.146
172,2006cj,0.0675,53878.5,1.2,"M,SA,SN",0.81,0.06,SN,-99.99,9.99,-9.99,9.99,-9.99,9.99,CfA3,,8.0,194.85174999999995,28.347666666666665,0.068,0.001,18.087,0.027000000000000003,1.475,0.59,-0.075,0.017,37.868,0.182,12.4,107.5,-11041.0,-0.2,BL,N,sn06cj,0.068,0.001,18.145,0.138,1.105,0.053,-0.017,0.01,37.784,0.161,sn06cj,0.068,0.001,-0.147,0.11900000000000001,0.045,0.037000000000000005,37.821999999999996,0.131
173,2006cm,0.0163,53885.4,0.5,B,1.04,0.07,B,-99.99,9.99,-9.99,9.99,-9.99,9.99,CfA3,,2.0,320.07283333333334,-1.6843055555555555,,,,,,,,,,,,,,,,,,,,,,,,,,,,,,,,,,,,
174,2006cp,0.0223,53896.7,0.0,"B,M,SA,SN",0.98,0.09,B,-19.47,0.09,-0.09,0.05,-0.06,0.05,CfA3,,11.0,184.81204166666663,22.427277777777785,0.023,0.001,15.972999999999999,0.015,-0.07200000000000001,0.1,0.153,0.013000000000000001,35.028,0.20199999999999999,14.6,147.4,-12535.0,6.3,BL,HV,sn06cp,0.023,0.001,15.977,0.138,0.941,0.005,0.151,0.005,34.977,0.184,sn06cp,0.023,0.001,-0.138,0.061,0.7040000000000001,0.109,34.846,0.18899999999999997
175,2006cq,0.0483,53889.8,0.0,M,9.99,9.99,,-99.99,9.99,-9.99,9.99,-9.99,9.99,CfA3,,1.0,201.1045833333333,30.95630555555556,0.049,0.001,17.535999999999998,0.013000000000000001,-0.009000000000000001,0.47600000000000003,0.035,0.013999999999999999,36.89,0.179,12.9,84.8,-10544.0,-3.3,CN,N,sn06cq,0.049,0.001,17.541,0.138,0.99,0.043,0.033,0.009000000000000001,36.907,0.161,sn06cq,0.049,0.001,-0.23399999999999999,0.10400000000000001,0.162,0.12,37.069,0.175
176,2006cz,0.0418,53907.3,0.1,SA,9.99,9.99,,-99.99,9.99,-9.99,9.99,-9.99,9.99,CfA3,,3.0,222.15275,-4.741861111111112,,,,,,,,,,,5.8,52.3,-11629.0,-1.0,SS,91T,,,,,,,,,,,,,,,,,,,,
177,2006em,0.0192,53976.7,0.7,"B,M",1.5,0.15,B,-99.99,9.99,-9.99,9.99,-9.99,9.99,"CfA3,Gan10",,1.0,36.43458333333332,41.942166666666665,,,,,,,,,,,62.4,91.1,-9564.0,3.7,CL,91bg,,,,,,,,,,,,sn06em,0.018000000000000002,0.001,1.463,0.083,0.49700000000000005,0.237,35.063,0.247
178,2006eq,0.0495,53975.3,0.5,Bur11,1.62,0.05,Bur11,-99.99,9.99,-9.99,9.99,-9.99,9.99,Con10,,1.0,322.15470833333325,1.2281111111111112,,,,,,,,,,,,,,,,,,,,,,,,,,,,,,,,,,,,
179,2006et,0.0224,53993.9,0.5,"B,M,SA,SN",1.02,0.05,B,-19.52,0.08,-0.07,0.06,-0.05,0.06,CfA3,,2.0,10.690916666666665,-23.55844444444445,0.021,0.001,15.942,0.025,0.626,0.226,0.201,0.02,34.951,0.214,17.3,76.4,-9458.0,2.4,CN,N,sn06et,0.021,0.001,15.937,0.139,1.106,0.014,0.156,0.01,35.128,0.193,sn06et,0.021,0.001,-0.225,0.07400000000000001,0.474,0.139,35.032,0.217
180,2006ev,0.0286,53988.6,0.5,Str11,1.32,0.05,Str11,-99.99,9.99,-9.99,9.99,-9.99,9.99,"CfA3,Str11",,1.0,322.74691666666666,13.989222222222221,,,,,,,,,,,22.1,124.2,-11455.0,5.5,BL,N,,,,,,,,,,,,,,,,,,,,
181,2006gj,0.0283,53999.1,0.2,"M,SA,SN",1.48,0.05,SN,-99.99,9.99,-9.99,9.99,-9.99,9.99,CfA3,,2.0,49.39916666666666,-1.6917222222222217,0.027999999999999997,0.001,17.651,0.03,-2.171,0.275,0.408,0.022000000000000002,35.85800000000001,0.2,38.7,108.4,-11394.0,-0.7,CL,N,sn06gj,0.028,0.001,17.6,0.139,0.68,0.011,0.316,0.011,35.84900000000001,0.175,sn06gj,0.027999999999999997,0.001,0.513,0.135,1.112,0.187,35.306,0.18100000000000002
182,2006gr,0.0346,54012.4,0.5,"B,M,SA,SN",0.81,0.07,B,-19.64,0.08,-0.12,0.05,-0.08,0.06,CfA3,,17.0,338.0944583333333,30.82869444444445,0.034,0.001,16.909000000000002,0.01,0.405,0.09300000000000001,0.113,0.009000000000000001,36.115,0.18100000000000002,10.4,64.8,-11955.0,-1.1,SS,N,sn06gr,0.034,0.001,16.933,0.138,0.991,0.005,0.14,0.004,36.023,0.162,sn06gr,0.034,0.001,-0.254,0.036000000000000004,0.353,0.098,36.209,0.153
183,2006gt,0.0448,54001.9,0.2,Bur11,1.66,0.05,Bur11,-99.99,9.99,-9.99,9.99,-9.99,9.99,Con10,,3.0,14.072083333333332,-1.6294444444444445,,,,,,,,,,,43.2,115.5,-10359.0,1.4,CL,91bg,,,,,,,,,,,,sn06gt,0.044000000000000004,0.001,0.7070000000000001,0.151,0.147,0.131,36.796,0.18
184,2006hb,0.0153,53999.6,0.4,"B,SA",1.44,0.09,B,-19.17,0.09,-0.11,0.07,-0.17,0.06,"CfA3,Gan10",,8.0,75.50533333333331,-21.131972222222224,,,,,,,,,,,44.8,121.5,-10669.0,6.8,CL,91bg,,,,,,,,,,,,sn06hb,0.015,0.001,0.5589999999999999,0.08900000000000001,0.158,0.106,34.211999999999996,0.225
185,2006kf,0.0213,54040.7,0.0,"B,M,SA,SN",1.55,0.03,B,-19.09,0.09,-0.11,0.04,-0.1,0.04,CfA3,,1.0,55.46033333333333,8.156944444444445,0.021,0.001,15.806,0.026000000000000002,-2.86,0.20800000000000002,-0.031,0.025,35.028,0.21899999999999997,30.6,106.4,-11862.0,-5.2,CL,N,sn06kf,0.021,0.001,15.767,0.138,0.687,0.006,-0.061,0.006999999999999999,35.001,0.194,sn06kf,0.021,0.001,0.6609999999999999,0.092,0.07,0.055999999999999994,34.959,0.193
186,2006le,0.0174,54047.4,0.3,"B,M,SA,SN",0.88,0.03,B,-19.65,0.04,-0.14,0.03,-0.09,0.03,CfA3,,23.0,75.17495833333331,62.25527777777778,0.017,0.001,14.802,0.012,1.452,0.091,-0.054000000000000006,0.011000000000000001,34.528,0.228,11.6,92.1,-11477.0,2.9,CN,N,sn06le,0.017,0.001,14.757,0.138,1.021,0.003,-0.039,0.003,34.348,0.212,sn06le,0.017,0.001,-0.23199999999999998,0.033,0.087,0.081,34.713,0.198
187,2006lf,0.0132,54045.0,0.2,"B,M,SA,SN",1.3,0.06,B,-99.99,9.99,-9.99,9.99,-9.99,9.99,"CfA3,Gan10",,20.0,69.622875,44.03375,0.013000000000000001,0.001,13.629000000000001,0.021,-1.9380000000000002,0.11900000000000001,-0.20800000000000002,0.019,33.385,0.27,23.0,98.8,-11687.0,-4.5,CN,N,,,,,,,,,,,,sn06lf,0.013000000000000001,0.001,0.263,0.062,0.193,0.153,33.721,0.254
188,2006mo,0.0372,54046.8,0.7,"M,SA",9.99,9.99,,-99.99,9.99,-9.99,9.99,-9.99,9.99,CfA3,,1.0,11.660625,36.332722222222216,0.036000000000000004,0.001,17.404,0.040999999999999995,-2.658,0.25,0.10099999999999999,0.033,36.32,0.2,30.2,91.7,-10633.0,5.2,CL,N,sn06mo,0.036000000000000004,0.001,17.357,0.138,0.696,0.0,0.053,0.008,36.306,0.16,sn06mo,0.036000000000000004,0.001,0.667,0.10099999999999999,0.11199999999999999,0.099,36.18,0.16699999999999998
189,2006nz,0.0441,54057.9,0.1,M,9.99,9.99,,-99.99,9.99,-9.99,9.99,-9.99,9.99,CfA3,,1.0,14.12170833333333,-1.2266944444444443,0.037000000000000005,0.001,18.096,0.036000000000000004,-3.484,0.971,0.305,0.032,36.421,0.22,,,,,,,sn06nz,0.037000000000000005,0.001,18.032,0.139,0.596,0.001,0.281,0.013,36.267,0.162,sn06nz,0.037000000000000005,0.001,1.101,0.11699999999999999,0.214,0.177,36.044000000000004,0.18899999999999997
190,2006oa,0.06,54066.2,0.1,"B,M,SA,SN",0.89,0.07,B,-19.59,0.1,-0.08,0.05,-0.07,0.05,CfA3,,7.0,320.9289999999998,-0.8430611111111111,0.059000000000000004,0.001,17.83,0.017,0.7559999999999999,0.28300000000000003,0.038,0.012,37.257,0.171,,,,,,,sn06oa,0.059,0.001,17.819000000000006,0.138,0.924,0.013,0.064,0.006999999999999999,37.025,0.14800000000000002,sn06oa,0.059000000000000004,0.001,-0.20199999999999999,0.09300000000000001,0.17,0.091,37.344,0.145
191,2006ot,0.0529,54063.7,0.5,Str11,0.84,0.05,Str11,-99.99,9.99,-9.99,9.99,-9.99,9.99,"CfA3,Str11",,2.0,33.77016666666666,-20.766166666666667,,,,,,,,,,,15.9,156.9,-15064.0,-0.4,BL,HV,,,,,,,,,,,,,,,,,,,,
192,2006sr,0.0244,54092.1,0.4,"B,M,SA,SN",1.24,0.06,B,-19.18,0.08,-0.09,0.05,-0.06,0.05,CfA3,,6.0,0.8959166666666666,23.19616666666667,0.023,0.001,16.12,0.015,-1.6280000000000001,0.209,0.061,0.013000000000000001,35.241,0.204,17.6,106.2,-12490.0,-0.9,BL,HV,sn06sr,0.023,0.001,16.118,0.138,0.835,0.009000000000000001,0.041,0.006,35.272,0.185,sn06sr,0.023,0.001,0.17800000000000002,0.081,0.23600000000000002,0.122,35.282,0.192
193,2007A,0.0171,54112.6,0.5,Str11,0.95,0.05,Str11,-99.99,9.99,-9.99,9.99,-9.99,9.99,Str11,,3.0,6.319416666666666,12.886805555555556,,,,,,,,,,,13.7,79.8,-10864.0,-2.4,CN,N,,,,,,,,,,,,,,,,,,,,
194,2007F,0.0236,54123.4,0.0,"B,M,SA,SN",0.96,0.03,B,-19.57,0.06,-0.13,0.04,-0.12,0.04,CfA3,,13.0,195.8128333333333,50.61880555555555,0.024,0.001,15.853,0.009000000000000001,0.33899999999999997,0.067,-0.008,0.009000000000000001,35.351,0.198,12.6,79.4,-11139.0,-0.9,CN,N,sn07F,0.024,0.001,15.864,0.138,1.014,0.003,-0.009000000000000001,0.004,35.37,0.181,,,,,,,,,
195,2007S,0.0139,54144.1,0.1,"B,M,SA,SN",0.94,0.03,B,-99.99,9.99,-9.99,9.99,-9.99,9.99,CfA3,,12.0,150.13025,4.407277777777779,0.015,0.001,15.81,0.01,0.8270000000000001,0.09699999999999999,0.473,0.01,34.168,0.258,3.8,53.6,-10061.0,-0.7,SS,91T,,,,,,,,,,,,,,,,,,,,
196,2007ae,0.0644,54154.0,0.1,"B,M,SA,SN",0.98,0.06,B,-19.58,0.08,-0.08,0.06,-0.02,0.06,CfA3,,2.0,255.46645833333332,79.03183333333334,0.064,0.001,17.736,0.042,1.05,0.35100000000000003,0.02,0.022000000000000002,37.238,0.182,10.9,64.2,-10697.0,2.3,SS,N,sn07ae,0.064,0.001,17.657,0.147,1.105,0.023,0.006999999999999999,0.018000000000000002,37.233,0.162,sn07ae,0.064,0.001,-0.203,0.06,0.106,0.078,37.336,0.13699999999999998
197,2007af,0.0054,54174.1,0.4,"M,SA,SN",1.04,0.05,SN,-99.99,9.99,-9.99,9.99,-9.99,9.99,CfA3,,32.0,215.587625,-0.3937777777777778,,,,,,,,,,,17.0,105.2,-10969.0,0.3,BL,N,,,,,,,,,,,,,,,,,,,,
198,2007al,0.0121,54168.9,0.3,"M,SN",1.89,0.05,SN,-99.99,9.99,-9.99,9.99,-9.99,9.99,"CfA3,Gan10",,8.0,149.82699999999997,-19.473833333333328,,,,,,,,,,,22.4,41.4,-9420.0,2.4,CL,91bg,,,,,,,,,,,,sn07al,0.013000000000000001,0.001,1.334,0.102,0.6509999999999999,0.256,34.153,0.285
199,2007au,0.02,54184.0,0.4,"M,SN",1.69,0.05,SN,-99.99,9.99,-9.99,9.99,-9.99,9.99,CfA3,,4.0,107.942125,49.853722222222224,0.02,0.001,16.616,0.035,-3.4189999999999996,0.272,0.32899999999999996,0.03,34.888000000000005,0.22699999999999998,54.1,135.2,-10893.0,1.1,CL,N,sn07au,0.02,0.001,16.474,0.138,0.63,0.003,0.217,0.005,34.916,0.197,sn07au,0.02,0.001,1.06,0.059000000000000004,0.191,0.12,34.671,0.193
200,2007ax,0.0071,54187.1,0.5,Str11,1.87,0.05,Str11,-99.99,9.99,-9.99,9.99,-9.99,9.99,"CfA3,Str11",,6.0,125.68025,22.55469444444445,,,,,,,,,,,35.7,77.2,-9862.0,-0.8,CL,91bg,,,,,,,,,,,,,,,,,,,,
201,2007ba,0.0385,54196.2,0.5,Str11,1.89,0.05,Str11,-99.99,9.99,-9.99,9.99,-9.99,9.99,"CfA3,Str11",,3.0,229.174225,7.396922222222222,,,,,,,,,,,49.9,114.1,-10374.0,3.1,CL,91bg,,,,,,,,,,,,sn07ba,0.039,0.001,1.183,0.102,0.141,0.124,35.91,0.157
202,2007bc,0.0208,54199.9,0.1,"B,M,SA,SN",1.37,0.05,B,-19.29,0.08,-0.13,0.05,-0.13,0.04,CfA3,,8.0,169.81927916666663,20.813527777777786,0.022000000000000002,0.001,15.854000000000001,0.019,-1.669,0.16,0.032,0.018000000000000002,35.043,0.21,35.4,98.6,-10619.0,-2.6,CL,N,sn07bc,0.022,0.001,15.87,0.138,0.8140000000000001,0.006999999999999999,0.039,0.008,35.003,0.19,sn07bc,0.022000000000000002,0.001,0.242,0.076,0.325,0.128,34.916,0.205
203,2007bd,0.031,54206.5,0.1,"B,M,SA,SN",1.3,0.08,B,-19.21,0.06,-0.06,0.04,-0.04,0.04,CfA3,,6.0,127.88696666666668,-1.1977833333333334,0.032,0.001,16.539,0.015,-1.818,0.153,-0.002,0.016,35.798,0.187,14.1,109.9,-12640.0,-1.3,BL,HV,sn07bd,0.032,0.001,16.52,0.138,0.7909999999999999,0.003,-0.004,0.004,35.736,0.16399999999999998,sn07bd,0.032,0.001,0.284,0.084,0.08900000000000001,0.077,35.836999999999996,0.161
204,2007bm,0.0062,54224.5,0.4,"M,SA,SN",1.09,0.05,SN,-99.99,9.99,-9.99,9.99,-9.99,9.99,CfA3,,11.0,171.25958333333332,-9.798277777777775,,,,,,,,,,,31.2,105.8,-10232.0,6.6,BL,N,,,,,,,,,,,,,,,,,,,,
205,2007ca,0.0141,54226.7,0.2,"B,M,SA,SN",0.89,0.04,B,-99.99,9.99,-9.99,9.99,-9.99,9.99,CfA3,,9.0,202.7742083333333,-15.101833333333332,0.015,0.001,15.91,0.012,0.21100000000000002,0.11199999999999999,0.298,0.012,34.635999999999996,0.244,11.2,87.2,-10783.0,3.4,CN,N,sn07ca,0.015,0.001,15.907,0.138,0.986,0.005,0.258,0.005,34.687,0.229,sn07ca,0.015,0.001,-0.184,0.047,0.9229999999999999,0.126,34.394,0.23800000000000002
206,2007cg,0.0332,54228.5,1.8,"B,SA",1.05,0.1,B,-99.99,9.99,-9.99,9.99,-9.99,9.99,CfA3,,3.0,201.38991666666664,-24.65225,0.034,0.001,18.155,0.062,-0.868,0.45299999999999996,0.6709999999999999,0.028999999999999998,35.845,0.207,7.3,72.3,-12994.0,5.5,BL,HV,,,,,,,,,,,,,,,,,,,,
207,2007ci,0.018000000000000002,54246.4,0.2,"M,SN",1.6,0.05,SN,-99.99,9.99,-9.99,9.99,-9.99,9.99,CfA3,,11.0,176.44104166666665,19.770527777777776,0.019,0.001,15.91,0.032,-3.182,0.247,0.134,0.027999999999999997,34.691,0.23,46.2,122.1,-11944.0,-1.2,CL,N,sn07ci,0.019,0.001,15.886,0.138,0.693,0.003,0.121,0.005,34.656,0.202,sn07ci,0.019,0.001,0.7809999999999999,0.084,0.397,0.161,34.285,0.21
208,2007co,0.027000000000000003,54264.6,0.1,"B,M,SA,SN",1.16,0.03,B,-19.41,0.07,-0.1,0.04,-0.08,0.04,CfA3,,17.0,275.765,29.897111111111112,0.027000000000000003,0.001,16.456,0.006999999999999999,-0.46799999999999997,0.08800000000000001,0.15,0.006999999999999999,35.477,0.192,10.6,114.9,-12044.0,-0.2,BL,N,sn07co,0.027000000000000003,0.001,16.521,0.138,0.92,0.003,0.182,0.003,35.415,0.174,sn07co,0.027000000000000003,0.001,-0.052000000000000005,0.064,0.578,0.113,35.379,0.168
209,2007cq,0.0262,54280.6,0.2,"B,M,SA,SN",1.2,0.06,B,-19.35,0.06,-0.02,0.03,0.0,0.03,CfA3,,2.0,333.668375,5.080166666666666,0.025,0.001,15.799000000000001,0.011000000000000001,-0.6920000000000001,0.163,0.034,0.01,35.086,0.198,4.8,44.4,-10738.0,-4.0,SS,91T,sn07cq,0.025,0.001,15.786,0.138,0.883,0.009000000000000001,0.006,0.005,35.09,0.18,sn07cq,0.025,0.001,0.047,0.064,0.17800000000000002,0.109,35.164,0.183
210,2007fb,0.018000000000000002,54286.7,0.3,BSNIP,9.99,9.99,,-99.99,9.99,-9.99,9.99,-9.99,9.99,,,11.0,359.2182083333333,5.5088333333333335,,,,,,,,,,,33.0,114.1,-11593.0,1.7,CL,N,,,,,,,,,,,,,,,,,,,,
211,2007fs,0.0173,54296.3,2.1,BSNIP,9.99,9.99,,-99.99,9.99,-9.99,9.99,-9.99,9.99,,,8.0,330.41849999999994,-21.508222222222226,,,,,,,,,,,10.0,88.3,-10440.0,3.1,CN,N,,,,,,,,,,,,,,,,,,,,
212,2007hj,0.0143,54348.9,0.2,"M,SA",1.95,0.06,Gan10,-99.99,9.99,-9.99,9.99,-9.99,9.99,Gan10,,14.0,345.4495416666666,15.5865,,,,,,,,,,,51.3,139.0,-12242.0,-0.6,CL,N,,,,,,,,,,,,,,,,,,,,
213,2007if,0.0742,54348.4,0.5,Sca10,0.71,0.06,Sca10,-99.99,9.99,-9.99,9.99,-9.99,9.99,Sca10,,11.0,17.714041666666667,15.461083333333333,,,,,,,,,,,8.4,18.5,-8465.0,-2.9,SS,-,,,,,,,,,,,,,,,,,,,,
214,2007jg,0.0371,54365.8,0.5,Str11,1.17,0.05,Str11,-99.99,9.99,-9.99,9.99,-9.99,9.99,Str11,,2.0,52.46170833333333,0.056833333333333326,,,,,,,,,,,11.7,119.4,-12835.0,-2.3,BL,HV,,,,,,,,,,,,,,,,,,,,
215,2007kk,0.041,54382.2,2.0,BSNIP,9.99,9.99,,-99.99,9.99,-9.99,9.99,-9.99,9.99,,,16.0,55.59691666666666,39.24177777777777,,,,,,,,,,,3.8,104.1,-12600.0,-0.8,BL,N,,,,,,,,,,,,,,,,,,,,
216,2007le,0.0068,54398.7,0.5,"B,M,SA,SN",1.01,0.03,B,-99.99,9.99,-9.99,9.99,-9.99,9.99,Gan10,,27.0,354.70187499999986,-6.522694444444442,,,,,,,,,,,13.0,115.2,-12529.0,5.4,BL,HV,,,,,,,,,,,,,,,,,,,,
217,2007nq,0.045,54397.6,0.5,Str11,1.47,0.05,Str11,-99.99,9.99,-9.99,9.99,-9.99,9.99,Str11,,2.0,14.389999999999995,-1.38875,,,,,,,,,,,25.0,112.1,-11471.0,6.3,BL,N,,,,,,,,,,,,,,,,,,,,
218,2007ux,0.0309,54460.4,1.0,SA,1.74,0.07,Gan10,-99.99,9.99,-9.99,9.99,-9.99,9.99,Gan10,,2.0,152.33325,14.992444444444445,,,,,,,,,,,36.2,95.8,-10588.0,5.8,CL,N,,,,,,,,,,,,,,,,,,,,
219,2008A,0.0162,54478.1,0.5,B,1.28,0.09,B,-99.99,9.99,-9.99,9.99,-9.99,9.99,Gan10,,14.0,24.572416666666665,35.370472222222226,,,,,,,,,,,15.5,20.4,-7663.0,0.0,SS,-,,,,,,,,,,,,,,,,,,,,
220,2008C,0.017,54465.8,0.5,Str11,1.11,0.05,Str11,-99.99,9.99,-9.99,9.99,-9.99,9.99,Str11,,7.0,104.29804166666666,20.437138888888885,,,,,,,,,,,9.4,78.6,-10936.0,4.4,CN,N,,,,,,,,,,,,,,,,,,,,
221,2008L,0.0194,54492.4,0.4,"B,M,SA,SN",1.38,0.06,B,-19.26,0.07,-0.13,0.07,-0.08,0.08,CfA3,,1.0,49.319375,41.382666666666665,0.019,0.001,15.104000000000001,0.045,-2.04,0.25,-0.084,0.037000000000000005,34.542,0.242,25.9,111.3,-11620.0,5.6,BL,HV,sn08L,0.019,0.001,15.071,0.138,0.775,0.009000000000000001,-0.077,0.004,34.457,0.204,,,,,,,,,
222,2008Q,0.0081,54505.4,0.2,SA,1.25,0.08,Gan10,-99.99,9.99,-9.99,9.99,-9.99,9.99,Gan10,,6.0,21.238458333333327,9.550416666666667,,,,,,,,,,,20.2,91.6,-11561.0,-0.3,CN,N,,,,,,,,,,,,,,,,,,,,
223,2008R,0.0135,54492.8,0.5,Str11,1.54,0.05,Str11,-99.99,9.99,-9.99,9.99,-9.99,9.99,Str11,,1.0,45.97375,-11.994277777777775,,,,,,,,,,,47.0,120.3,-10409.0,5.3,CL,91bg,,,,,,,,,,,,,,,,,,,,
224,2008Z,0.021,54514.7,0.3,"M,SA,SN",1.02,0.05,SN,-99.99,9.99,-9.99,9.99,-9.99,9.99,Gan10,,16.0,145.81354166666662,36.284416666666665,,,,,,,,,,,4.5,52.0,-11708.0,-4.3,SS,N,,,,,,,,,,,,,,,,,,,,
225,2008ae,0.0301,54507.4,1.0,BSNIP,9.99,9.99,,-99.99,9.99,-9.99,9.99,-9.99,9.99,,,6.0,149.01333333333332,10.499666666666666,,,,,,,,,,,9.3,27.9,-8216.0,-0.1,SS,-,,,,,,,,,,,,,,,,,,,,
226,2008af,0.0335,54501.4,0.5,B,1.33,0.08,B,-19.14,0.08,-0.08,0.07,-0.05,0.07,CfA3,,2.0,224.86874999999995,16.653416666666665,0.034,0.001,17.314,0.017,-1.979,0.205,0.261,0.02,35.903,0.187,18.0,119.7,-11759.0,5.9,BL,HV,,,,,,,,,,,,sn08af,0.034,0.001,0.249,0.091,0.092,0.079,36.095,0.166
227,2008ar,0.0261,54534.1,0.6,"M,SA,SN",1.1,0.05,SN,-99.99,9.99,-9.99,9.99,-9.99,9.99,Gan10,,20.0,186.158,10.838166666666668,,,,,,,,,,,12.7,81.2,-10629.0,-0.7,CN,N,,,,,,,,,,,,,,,,,,,,
228,2008bf,0.0246,54554.6,0.4,"B,M,SA,SN",1.05,0.04,B,-19.53,0.05,-0.04,0.04,-0.01,0.04,CfA3,,14.0,181.01208333333332,20.245166666666666,0.026000000000000002,0.001,15.696,0.01,0.17,0.09699999999999999,0.032,0.01,35.075,0.195,8.9,81.7,-11467.0,0.7,CN,N,sn08bf,0.026,0.001,15.716,0.138,1.038,0.006,0.019,0.005,35.177,0.17800000000000002,sn08bf,0.026000000000000002,0.001,-0.142,0.053,0.11599999999999999,0.069,35.25,0.16
