,,SN,F_b,F_b_err,F_r,F_r_err,pEW,pEW_err,d_pEW,d_pEW_err,v,v_err,a,a_err,FWHM,FWHM_err
SN,1989B,7.54,315.52,0.97,226.66,1.8,46.5,2.6,-12.6,13.7,6.85,0.11,0.282,0.006999999999999999,241.9,3.1
SN,1989M,2.49,31.44,0.08,29.48,0.09,91.5,5.2,15.3,14.4,10.03,0.11,0.39299999999999996,0.002,274.6,2.4
SN,1989M,3.48,35.49,0.11,32.33,0.12,89.8,5.1,15.6,14.4,9.6,0.11,0.397,0.003,270.6,2.4
SN,1990N,7.11,44.46,0.22,34.88,0.19,75.0,3.1,13.7,13.8,7.87,0.11,0.348,0.008,259.1,4.9
SN,1991T,6.8,24.83,0.14,20.75,0.12,47.6,2.0,-15.1,13.6,7.83,0.11,0.204,0.005,258.5,4.9
SN,1994D,-12.31,14.25,0.07,10.8,0.06,45.2,2.6,16.6,13.7,11.17,0.11,0.225,0.005,253.6,2.4
SN,1994D,-11.31,14.33,0.14,10.25,0.11,63.2,3.6,26.9,13.9,10.62,0.11,0.275,0.005,273.6,2.4
SN,1994D,-9.32,28.76,0.1,23.48,0.1,60.7,3.5,10.8,13.9,10.83,0.11,0.276,0.005,261.6,2.4
SN,1994D,-7.67,32.6,0.07,24.61,0.09,49.4,3.0,-9.7,13.8,10.3,0.11,0.24,0.004,251.6,2.4
SN,1994D,-6.32,45.59,0.17,35.46,0.14,55.1,3.3,-10.3,13.9,9.64,0.11,0.265,0.005,253.6,2.4
SN,1994D,-5.32,46.56,0.22,36.13,0.18,55.8,3.4,-13.3,13.9,9.86,0.11,0.265,0.006,257.6,2.4
SN,1994D,-3.87,66.48,0.18,53.56,0.24,56.5,3.4,-17.0,13.9,9.75,0.11,0.264,0.004,257.6,2.4
SN,1994D,-3.33,63.65,0.14,51.73,0.18,60.3,3.6,-14.5,13.9,9.64,0.11,0.284,0.004,257.6,2.4
SN,1994S,1.11,12.0,0.07,9.99,0.1,79.4,4.6,1.5,14.2,9.11,0.11,0.341,0.003,269.9,2.4
SN,1995D,3.84,23.16,0.09,19.13,0.08,89.2,4.9,15.9,14.3,8.41,0.11,0.376,0.002,272.2,2.4
SN,1995E,-2.46,1.61,0.02,1.53,0.01,63.1,3.9,-13.3,14.0,9.47,0.11,0.316,0.008,110.7,2.4
SN,1997Y,1.27,5.26,0.03,4.42,0.04,79.7,4.7,2.0,14.3,8.46,0.11,0.37799999999999995,0.005,263.8,2.4
SN,1997bp,5.49,12.47,0.08,10.22,0.06,46.9,2.7,-21.3,13.7,12.85,0.11,0.196,0.004,259.8,2.4
SN,1997br,-4.84,12.44,0.09,9.86,0.05,27.6,1.8,-43.1,13.6,11.05,0.11,0.1,0.005,236.4,2.4
SN,1997do,-5.67,4.81,0.05,3.88,0.02,61.1,3.7,-6.8,14.0,11.66,0.11,0.27899999999999997,0.005,257.4,2.4
SN,1998V,7.2,5.18,0.02,4.06,0.02,40.8,3.6,-20.0,13.9,8.96,0.11,0.23199999999999998,0.003,100.0,1.2
SN,1998dk,-7.24,3.64,0.05,2.75,0.01,68.3,4.1,7.0,14.1,12.25,0.11,0.325,0.009000000000000001,138.2,2.4
SN,1998dk,-0.54,5.99,0.03,5.44,0.01,83.5,4.7,5.3,14.3,10.81,0.11,0.35200000000000004,0.003,270.4,2.4
SN,1998dm,-12.48,2.46,0.02,1.9,0.01,41.3,2.6,14.1,13.7,11.03,0.11,0.231,0.004,168.9,2.4
SN,1998dm,-5.61,5.92,0.03,4.56,0.01,55.4,3.4,-12.7,13.9,9.83,0.11,0.24,0.005,262.3,2.4
SN,1998dx,5.13,0.57,0.01,0.46,0.01,76.5,4.7,7.1,14.2,8.14,0.11,0.371,0.012,254.2,2.3
SN,1998ef,-8.62,2.54,0.03,1.88,0.02,77.5,4.8,23.5,14.3,12.59,0.11,0.386,0.008,249.6,2.4
SN,1998es,0.28,14.08,0.09,11.59,0.04,74.2,4.1,-4.1,14.1,8.83,0.11,0.29,0.003,287.0,2.4
SN,1999aa,0.24,1.94,0.03,1.55,0.01,82.0,4.4,3.7,14.2,9.23,0.11,0.318,0.003,281.9,2.4
SN,1999ac,-3.7,8.32,0.08,5.7,0.03,37.5,2.2,-36.4,13.6,7.45,0.11,0.158,0.004,275.4,2.4
SN,1999ac,-0.89,10.24,0.05,7.19,0.03,57.4,3.3,-20.7,13.8,6.48,0.11,0.258,0.003,255.6,2.4
SN,1999cp,4.91,10.49,0.06,9.71,0.02,84.4,5.0,14.3,14.3,7.97,0.11,0.408,0.004,261.5,2.4
SN,1999da,-2.12,1.58,0.01,1.4,0.01,55.3,3.3,-21.7,13.9,7.2,0.11,0.294,0.003,244.9,2.4
SN,1999dk,-6.6,4.53,0.03,3.81,0.02,73.9,4.4,9.8,14.1,12.43,0.11,0.33,0.004,271.9,2.4
SN,1999dq,-3.93,5.8,0.07,4.35,0.02,36.3,2.3,-37.1,13.6,10.18,0.11,0.153,0.013000000000000001,252.4,2.4
SN,1999dq,2.97,6.08,0.02,5.6,0.02,77.8,4.5,2.5,14.2,9.73,0.11,0.37,0.003,264.2,2.4
SN,1999ek,5.66,1.2,0.05,1.14,0.03,63.6,4.0,-3.8,14.0,8.08,0.11,0.335,0.006,110.1,2.4
SN,1999gd,-1.12,1.08,0.01,1.0,0.01,75.6,2.9,-2.3,13.8,8.86,0.11,0.359,0.005,142.4,6.0
SN,1999gh,4.12,8.01,0.06,6.65,0.03,66.1,2.5,-6.4,13.7,6.47,0.11,0.363,0.005,248.1,6.1
SN,2000cp,2.92,0.39,0.01,0.33,0.0,114.4,6.6,39.0,15.0,7.41,0.11,0.488,0.006999999999999999,266.9,2.4
SN,2000cw,4.81,0.8,0.01,0.65,0.01,79.3,4.8,8.8,14.3,7.5,0.11,0.408,0.008,106.8,2.4
SN,2000dg,-5.09,0.55,0.01,0.43,0.0,55.6,3.5,-14.3,13.9,10.46,0.11,0.268,0.006999999999999999,115.6,2.4
SN,2000dg,4.66,0.7,0.01,0.6,0.01,61.7,3.7,-9.2,14.0,8.97,0.11,0.327,0.004,246.5,2.4
SN,2000dk,1.0,2.92,0.02,2.34,0.01,78.7,4.6,0.8,14.2,7.63,0.11,0.384,0.008,263.4,2.4
SN,2000dm,-1.63,2.32,0.02,1.83,0.01,60.1,3.7,-17.4,13.9,9.29,0.11,0.312,0.004,116.3,2.4
SN,2000dm,8.18,2.28,0.02,1.65,0.02,44.3,2.8,-11.4,13.7,7.57,0.11,0.27,0.006,244.3,2.4
SN,2000dn,-0.94,0.89,0.01,0.7,0.01,86.5,5.3,8.4,14.4,8.6,0.11,0.42,0.008,263.5,2.4
SN,2000ey,7.9,3.83,0.05,3.32,0.02,24.8,1.6,-32.5,13.5,10.33,0.11,0.127,0.005,184.2,2.4
SN,2000fa,-8.25,0.98,0.01,0.73,0.01,43.9,2.8,-12.2,13.7,12.87,0.11,0.21899999999999997,0.011000000000000001,88.1,2.4
SN,2000fa,6.86,1.8,0.02,1.32,0.01,50.5,3.0,-11.9,13.8,9.19,0.11,0.204,0.006999999999999999,256.5,2.4
SN,2001az,-3.24,0.54,0.01,0.42,0.01,53.5,3.4,-21.5,13.9,11.09,0.11,0.25,0.004,255.6,2.4
SN,2001bf,1.22,4.43,0.04,4.01,0.03,63.4,3.8,-14.4,14.0,6.85,0.11,0.308,0.004,139.8,2.4
SN,2001br,3.47,1.42,0.07,1.41,0.07,93.2,5.5,19.1,14.5,9.75,0.11,0.425,0.008,262.6,2.4
SN,2001bp,0.51,0.18,0.01,0.15,0.01,59.3,4.3,-18.9,14.1,9.56,0.11,0.312,0.013999999999999999,180.8,2.2
SN,2001cp,1.39,0.87,0.02,0.73,0.02,72.3,4.4,-5.4,14.1,9.09,0.11,0.318,0.004,105.6,2.4
SN,2001da,-1.12,2.79,0.03,2.7,0.02,87.3,5.0,9.3,14.4,9.38,0.11,0.391,0.003,269.4,2.4
SN,2001eh,-4.53,0.92,0.03,0.77,0.02,34.2,2.3,-37.5,13.7,9.73,0.11,0.15,0.016,77.1,2.4
SN,2001eh,3.26,0.79,0.01,0.73,0.01,72.3,4.3,-2.3,14.1,9.5,0.11,0.337,0.005,258.4,2.4
SN,2001ep,2.83,5.12,0.03,4.19,0.02,84.2,5.0,8.7,14.4,7.51,0.11,0.415,0.005,146.1,2.4
SN,2001ep,4.99,5.02,0.09,3.94,0.08,79.1,6.6,9.3,15.0,7.15,0.11,0.424,0.009000000000000001,162.0,1.2
SN,2001ep,5.97,4.99,0.05,3.94,0.04,76.7,6.5,10.5,14.9,6.99,0.11,0.419,0.006,164.0,1.2
SN,2001ep,7.85,5.08,0.04,3.97,0.03,56.8,3.5,-0.7,13.9,6.43,0.11,0.32899999999999996,0.006,250.7,2.4
SN,2001ex,-1.82,0.45,0.01,0.34,0.01,92.3,5.5,15.0,14.5,8.0,0.11,0.44,0.013000000000000001,257.2,2.4
SN,2001fe,-0.99,6.35,0.04,5.64,0.02,81.1,4.5,3.1,14.2,9.83,0.11,0.307,0.002,280.2,2.4
SN,2001fh,5.93,0.95,0.01,0.9,0.02,80.3,4.7,13.9,14.2,7.71,0.11,0.39299999999999996,0.006,144.1,2.4
SN,2001fh,7.84,0.91,0.01,0.76,0.01,47.7,4.2,-9.9,14.1,7.36,0.11,0.27899999999999997,0.006999999999999999,167.0,1.2
SN,2002aw,2.1,1.5,0.06,1.46,0.03,74.0,4.5,-2.8,14.2,8.15,0.11,0.36200000000000004,0.003,142.3,2.4
SN,2002bf,2.97,2.51,0.0,2.16,0.0,77.4,4.2,2.1,14.1,10.25,0.11,0.29600000000000004,0.002,287.1,2.4
SN,2002bo,-1.08,15.25,0.2,14.29,0.22,87.0,4.9,9.0,14.3,9.25,0.11,0.36700000000000005,0.006,276.8,2.4
SN,2002bz,4.92,0.44,0.01,0.39,0.01,98.0,5.7,27.9,14.6,8.79,0.11,0.44799999999999995,0.012,258.4,2.4
SN,2002cf,-0.75,1.32,0.03,1.15,0.01,61.5,3.7,-16.7,14.0,7.6,0.11,0.316,0.006,157.6,2.4
SN,2002ck,3.64,0.83,0.02,0.7,0.02,57.0,3.6,-16.7,13.9,8.81,0.11,0.308,0.005,248.6,2.4
SN,2002cr,-6.78,5.43,0.06,4.38,0.04,71.6,4.0,8.2,14.0,8.73,0.11,0.33,0.005,134.7,2.4
SN,2002cs,-7.76,1.3,0.02,1.12,0.01,71.2,4.1,12.5,14.1,12.76,0.11,0.33899999999999997,0.005,155.5,2.4
SN,2002cu,-5.28,1.07,0.03,0.96,0.02,65.7,4.4,-3.6,14.2,11.55,0.11,0.353,0.004,127.2,2.1
SN,2002dj,-7.98,4.97,0.08,3.94,0.06,60.9,3.7,3.4,14.0,12.21,0.11,0.298,0.005,120.9,2.4
SN,2002dk,-1.23,0.29,0.0,0.32,0.01,43.7,2.7,-34.2,13.7,6.99,0.11,0.23800000000000002,0.01,125.7,2.4
SN,2002eb,1.68,1.56,0.02,1.26,0.01,88.1,5.1,10.8,14.4,8.87,0.11,0.389,0.006,268.6,2.4
SN,2002ef,4.7,1.25,0.04,1.0,0.04,66.5,4.1,-4.3,14.1,8.27,0.11,0.309,0.009000000000000001,257.8,2.4
SN,2002er,-4.58,5.54,0.03,4.99,0.03,77.2,4.6,5.7,14.2,10.74,0.11,0.366,0.005,126.9,2.4
SN,2002er,5.26,7.11,0.06,5.99,0.02,77.7,4.6,8.8,14.2,8.46,0.11,0.354,0.005,261.8,2.4
SN,2002eu,-0.06,0.61,0.01,0.54,0.01,81.0,4.9,2.6,14.3,9.14,0.11,0.38299999999999995,0.011000000000000001,262.1,2.4
SN,2002fb,0.98,1.08,0.02,0.78,0.01,57.4,3.5,-20.6,13.9,7.18,0.11,0.28800000000000003,0.006,249.1,2.4
SN,2002fk,7.74,20.58,0.11,14.99,0.12,62.2,3.8,4.1,14.0,7.14,0.11,0.341,0.006,145.0,2.4
SN,2002ha,-0.85,4.46,0.03,3.61,0.01,74.1,4.5,-4.0,14.2,9.11,0.11,0.374,0.006999999999999999,153.8,2.4
SN,2002ha,4.93,4.45,0.04,3.79,0.04,80.6,4.7,10.5,14.3,8.13,0.11,0.391,0.006999999999999999,258.4,2.4
SN,2002ha,7.89,10.16,0.05,7.3,0.05,47.3,2.9,-10.1,13.8,7.69,0.11,0.27,0.006999999999999999,92.7,2.4
SN,2002hd,6.48,1.3,0.02,0.91,0.01,54.0,3.4,-10.1,13.9,7.44,0.11,0.306,0.006999999999999999,100.5,2.4
SN,2002he,-5.91,0.79,0.02,0.62,0.02,60.4,5.2,-6.6,14.4,11.6,0.11,0.31,0.003,250.0,1.2
SN,2002he,-1.03,1.91,0.04,1.67,0.03,76.9,6.4,-1.1,14.9,10.6,0.11,0.353,0.008,269.0,1.2
SN,2002he,0.29,1.69,0.01,1.45,0.01,85.5,4.9,7.2,14.3,9.82,0.11,0.373,0.001,275.2,2.4
SN,2002he,3.22,3.93,0.03,3.15,0.04,79.9,4.6,5.2,14.2,9.07,0.11,0.354,0.006,271.3,2.4
SN,2002hu,-5.81,0.6,0.01,0.44,0.01,42.3,2.8,-25.0,13.7,9.42,0.11,0.21899999999999997,0.008,137.0,2.4
SN,2002hw,-6.27,0.93,0.01,0.9,0.01,72.6,4.2,7.1,14.1,9.91,0.11,0.348,0.006999999999999999,253.6,2.4
SN,2002kf,6.81,2.66,0.02,2.18,0.02,81.5,4.8,18.9,14.3,8.17,0.11,0.387,0.005,261.0,2.4
SN,2003U,-2.55,0.81,0.01,0.68,0.02,66.9,4.2,-9.4,14.1,8.3,0.11,0.353,0.006999999999999999,93.5,2.4
SN,2003W,-5.06,0.66,0.01,0.62,0.02,68.6,4.1,-1.4,14.1,13.06,0.11,0.275,0.005,284.3,2.4
SN,2003ai,7.25,1.0,0.02,0.72,0.02,38.7,2.5,-21.9,13.7,7.44,0.11,0.205,0.008,79.2,2.4
SN,2003cq,-0.15,0.51,0.01,0.42,0.01,83.4,4.9,5.1,14.3,9.48,0.11,0.37,0.004,133.6,2.4
SN,2003gn,-5.38,0.19,0.01,0.16,0.01,82.0,5.3,13.0,14.4,9.83,0.11,0.39899999999999997,0.021,257.1,2.4
SN,2003gt,-5.07,2.7,0.06,2.39,0.03,48.4,3.2,-21.6,13.8,10.89,0.11,0.191,0.006,108.3,2.4
SN,2003he,2.71,1.34,0.02,1.38,0.02,50.3,3.2,-25.4,13.8,9.03,0.11,0.303,0.004,187.2,2.4
SN,2003iv,1.76,0.03,0.0,0.02,0.0,85.5,5.2,8.3,14.4,8.5,0.11,0.473,0.013999999999999999,166.3,2.4
SN,2003iv,6.58,0.21,0.01,0.18,0.01,68.5,4.4,4.8,14.1,7.76,0.11,0.385,0.004,197.2,2.4
SN,2003kf,-7.5,6.86,0.04,5.52,0.03,47.2,3.0,-12.8,13.8,10.96,0.11,0.23199999999999998,0.005,87.4,2.4
SN,2004E,5.26,1.66,0.02,1.44,0.01,38.4,2.5,-30.5,13.7,9.76,0.11,0.23,0.004,97.1,2.4
SN,2004S,8.26,7.38,0.01,5.8,0.01,49.6,3.1,-5.7,13.8,7.4,0.11,0.304,0.005,83.2,2.4
SN,2004bd,10.76,2.99,0.04,2.52,0.02,28.5,2.0,-11.0,13.6,5.76,0.11,0.212,0.004,71.4,2.4
SN,2004bk,6.13,2.29,0.03,1.74,0.01,62.4,3.7,-3.2,13.9,10.16,0.11,0.293,0.006,248.3,2.4
SN,2004bl,4.61,2.43,0.09,1.94,0.03,97.3,5.4,26.2,14.5,8.03,0.11,0.39399999999999996,0.004,265.4,2.4
SN,2004bv,9.77,11.02,0.08,7.99,0.06,44.5,2.8,-1.7,13.7,7.56,0.11,0.27,0.009000000000000001,126.7,2.4
SN,2004bw,6.59,1.39,0.01,1.14,0.02,67.8,4.1,4.2,14.1,7.77,0.11,0.361,0.005,205.6,2.4
SN,2004dt,-6.46,2.35,0.04,1.9,0.02,61.1,3.8,-3.6,14.0,10.68,0.11,0.321,0.006,107.9,2.4
SN,2004dt,1.38,3.66,0.02,2.83,0.02,84.7,3.1,7.1,13.8,8.7,0.11,0.363,0.005,127.5,6.0
SN,2004ef,-5.52,0.48,0.01,0.43,0.01,57.4,3.6,-11.1,13.9,11.06,0.11,0.297,0.006,252.2,2.4
SN,2004eo,-5.57,1.42,0.03,1.11,0.01,62.8,3.9,-5.5,14.0,9.38,0.11,0.322,0.008,250.1,2.4
SN,2004ey,-7.58,2.97,0.02,2.34,0.02,58.4,3.6,-1.2,13.9,10.82,0.11,0.29,0.006999999999999999,145.7,2.4
SN,2004fu,-2.65,3.87,0.03,3.7,0.03,89.7,5.2,13.5,14.4,9.64,0.11,0.389,0.004,271.5,2.4
SN,2004fu,2.43,4.42,0.05,4.01,0.02,102.5,5.7,26.3,14.6,8.22,0.11,0.43200000000000005,0.002,275.5,2.4
SN,2004fz,-5.18,3.06,0.05,2.46,0.02,70.3,4.1,0.7,14.1,9.42,0.11,0.36200000000000004,0.006999999999999999,159.2,2.4
SN,2004gs,0.44,0.72,0.01,0.6,0.01,85.3,5.0,7.1,14.4,7.34,0.11,0.38799999999999996,0.004,270.8,2.4
SN,2005M,8.23,0.48,0.01,0.38,0.01,71.2,6.0,15.8,14.7,6.12,0.11,0.379,0.008,99.0,1.2
SN,2005W,0.59,3.33,0.08,3.38,0.07,83.9,6.9,5.7,15.1,7.86,0.11,0.391,0.005,134.0,1.2
SN,2005am,4.47,14.74,0.05,12.86,0.08,85.8,5.0,14.3,14.4,9.13,0.11,0.41,0.004,265.9,2.4
SN,2005am,6.37,13.9,0.09,11.27,0.03,68.3,2.5,3.8,13.7,8.16,0.11,0.335,0.005,143.9,6.1
SN,2005ao,-1.29,0.65,0.01,0.6,0.01,77.8,4.5,0.0,14.2,10.32,0.11,0.34,0.004,269.6,2.4
SN,2005ao,0.52,0.51,0.01,0.44,0.01,73.2,4.2,-5.0,14.1,9.79,0.11,0.307,0.008,258.1,2.4
SN,2005bc,1.55,2.01,0.02,1.82,0.01,67.9,4.1,-9.5,14.1,8.26,0.11,0.336,0.006,116.6,2.4
SN,2005bc,7.37,1.95,0.03,1.61,0.01,48.8,3.0,-11.2,13.8,6.54,0.11,0.271,0.005,247.0,2.4
SN,2005cf,-2.11,120.15,0.9,103.17,0.6,72.2,4.4,-4.7,14.2,8.71,0.11,0.36700000000000005,0.006999999999999999,155.0,2.4
SN,2005cf,-1.19,25.29,0.21,21.12,0.15,77.3,4.7,-0.6,14.2,9.25,0.11,0.381,0.006999999999999999,123.2,2.4
SN,2005de,-0.75,2.38,0.06,2.09,0.03,79.7,4.9,1.5,14.3,9.01,0.11,0.382,0.008,151.7,2.4
SN,2005de,10.1,2.48,0.02,1.67,0.02,37.3,2.4,-6.8,13.7,7.08,0.11,0.247,0.006999999999999999,165.5,2.4
SN,2005dv,-0.57,1.35,0.06,1.22,0.03,106.4,6.0,28.2,14.7,10.2,0.11,0.436,0.011000000000000001,277.1,2.4
SN,2005el,-6.7,2.22,0.02,1.74,0.02,52.2,3.2,-11.5,13.8,10.35,0.11,0.26899999999999996,0.006,254.2,2.4
SN,2005el,1.22,3.51,0.05,3.09,0.03,76.5,4.5,-1.3,14.2,8.93,0.11,0.37200000000000005,0.006,122.2,2.4
SN,2005el,8.09,3.42,0.03,2.46,0.01,48.5,3.1,-7.7,13.8,7.97,0.11,0.287,0.006,88.7,2.4
SN,2005er,-0.26,0.0,0.0,0.0,0.0,27.1,2.6,-51.2,13.7,6.77,0.11,0.14400000000000002,0.003,266.0,1.2
SN,2005eq,0.66,1.3,0.02,1.04,0.01,84.7,4.6,6.5,14.2,8.87,0.11,0.324,0.004,276.0,2.4
SN,2005hj,7.51,0.54,0.02,0.46,0.01,38.6,3.5,-20.7,13.9,8.69,0.11,0.20800000000000002,0.006999999999999999,244.0,1.2
SN,2005iq,-5.86,8.91,0.12,6.99,0.08,62.3,5.3,-4.9,14.5,9.5,0.11,0.301,0.006999999999999999,257.0,1.2
SN,2005kc,10.28,0.14,0.0,0.11,0.0,27.6,2.5,-15.2,13.7,7.31,0.11,0.19399999999999998,0.006999999999999999,182.0,1.2
SN,2005ki,1.62,10.16,0.08,8.85,0.06,77.7,6.4,0.3,14.9,9.14,0.11,0.35700000000000004,0.002,267.0,1.2
SN,2005ki,8.35,2.33,0.04,1.7,0.04,43.3,2.7,-11.5,13.7,6.88,0.11,0.19899999999999998,0.011000000000000001,141.2,2.4
SN,2005lz,0.58,6.62,0.12,5.82,0.09,81.5,6.8,3.3,15.1,8.2,0.11,0.374,0.006999999999999999,263.0,1.2
SN,2005ms,-1.88,3.49,0.07,3.14,0.1,69.6,4.3,-7.6,14.1,8.52,0.11,0.34600000000000003,0.006,99.5,2.4
SN,2005na,0.03,1.2,0.03,0.95,0.02,57.0,3.6,-21.3,13.9,9.7,0.11,0.275,0.004,120.8,2.4
SN,2005na,1.03,1.48,0.04,1.27,0.04,68.2,4.2,-9.8,14.1,8.95,0.11,0.325,0.011000000000000001,91.6,2.4
SN,2006D,3.7,23.23,0.11,17.51,0.1,82.2,4.9,8.6,14.3,8.67,0.11,0.39899999999999997,0.005,259.8,2.4
SN,2006N,-1.89,2.77,0.04,2.34,0.02,64.6,3.9,-12.6,14.0,9.51,0.11,0.29,0.005,266.2,2.4
SN,2006N,-0.9,2.5,0.04,2.01,0.01,81.6,4.9,3.5,14.3,10.15,0.11,0.371,0.006,272.1,2.4
SN,2006S,-3.93,12.57,0.36,10.16,0.41,53.0,3.3,-20.4,13.9,10.63,0.11,0.244,0.013000000000000001,250.0,2.4
SN,2006S,2.99,0.71,0.02,0.65,0.01,79.6,4.7,4.4,14.3,9.45,0.11,0.358,0.004,255.8,2.4
SN,2006X,3.15,8.11,0.03,9.89,0.04,72.1,3.9,-2.8,14.0,11.36,0.11,0.257,0.002,304.4,2.4
SN,2006ac,7.96,1.98,0.02,1.5,0.01,56.6,3.3,-0.3,13.9,8.33,0.11,0.278,0.006999999999999999,261.9,2.4
SN,2006ak,8.43,0.57,0.0,0.46,0.0,42.8,2.6,-11.6,13.7,8.33,0.11,0.226,0.003,129.1,2.4
SN,2006ax,-10.07,0.92,0.01,0.7,0.01,38.6,2.5,-6.6,13.7,10.45,0.11,0.188,0.004,112.1,2.4
SN,2006bq,6.97,6.29,0.06,4.74,0.04,58.1,3.4,-3.8,13.9,8.62,0.11,0.255,0.004,270.1,2.4
SN,2006bt,-5.3,0.49,0.01,0.42,0.0,44.1,2.9,-25.1,13.8,8.21,0.11,0.259,0.006999999999999999,255.8,2.4
SN,2006bt,-4.53,0.47,0.01,0.39,0.01,58.4,3.6,-13.3,13.9,8.94,0.11,0.307,0.01,129.8,2.4
SN,2006bt,2.27,0.48,0.0,0.39,0.01,63.7,3.9,-12.8,14.0,7.03,0.11,0.325,0.008,139.5,2.4
SN,2006bu,4.22,0.14,0.0,0.12,0.0,74.5,4.6,2.2,14.2,8.59,0.11,0.36200000000000004,0.009000000000000001,125.5,2.3
SN,2006bw,8.9,0.47,0.01,0.38,0.0,62.3,3.8,10.6,14.0,5.46,0.11,0.359,0.006,207.8,2.4
SN,2006bz,-2.44,0.34,0.02,0.29,0.01,50.4,3.2,-26.0,13.8,7.6,0.11,0.272,0.004,223.8,2.4
SN,2006cf,6.28,0.36,0.03,0.33,0.03,87.9,5.3,23.0,14.5,6.81,0.13,0.35700000000000004,0.012,88.3,2.4
SN,2006cj,3.43,0.2,0.01,0.17,0.01,67.4,4.4,-6.9,14.1,9.61,0.11,0.33899999999999997,0.015,254.8,2.3
SN,2006cm,-1.15,0.44,0.01,0.57,0.01,73.1,4.2,-4.9,14.1,11.51,0.11,0.307,0.006,261.7,2.4
SN,2006cp,-5.3,1.19,0.02,0.98,0.01,81.0,4.8,11.7,14.3,11.54,0.11,0.355,0.004,271.9,2.4
SN,2006cq,2.0,0.33,0.01,0.29,0.01,84.8,5.1,7.9,14.4,9.58,0.11,0.37200000000000005,0.005,265.2,2.3
SN,2006cs,2.28,0.33,0.01,0.28,0.01,42.9,2.8,-33.6,13.7,8.07,0.11,0.243,0.008,218.8,2.4
SN,2006cz,1.12,0.5,0.01,0.43,0.01,77.3,4.3,-0.6,14.1,10.23,0.11,0.28300000000000003,0.006999999999999999,274.5,2.4
SN,2006dm,-7.9,0.35,0.02,0.3,0.01,65.8,4.1,7.8,14.1,10.37,0.11,0.32,0.013000000000000001,144.8,2.4
SN,2006dm,8.73,1.5,0.01,1.01,0.01,28.8,1.9,-23.8,13.6,6.31,0.11,0.18899999999999997,0.009000000000000001,182.0,2.4
SN,2006ef,3.2,3.19,0.03,2.28,0.01,103.2,5.9,28.4,14.7,8.83,0.11,0.431,0.005,273.1,2.4
SN,2006ej,-3.7,1.81,0.02,1.46,0.01,83.0,4.9,9.0,14.3,11.2,0.11,0.36700000000000005,0.006,271.5,2.4
SN,2006ej,5.09,1.3,0.02,1.1,0.01,78.7,4.6,9.2,14.2,8.68,0.11,0.376,0.004,156.8,2.4
SN,2006en,8.55,0.73,0.02,0.51,0.01,47.6,3.1,-6.1,13.8,8.25,0.11,0.28800000000000003,0.011000000000000001,116.3,2.4
SN,2006et,3.29,1.58,0.02,1.39,0.02,79.0,4.6,4.4,14.2,7.94,0.11,0.364,0.005,256.3,2.4
SN,2006et,9.14,1.48,0.01,1.08,0.04,50.0,3.1,-0.3,13.8,7.85,0.11,0.27,0.009000000000000001,242.6,2.4
SN,2006ev,10.54,0.64,0.01,0.48,0.01,55.6,3.3,14.6,13.9,7.3,0.11,0.276,0.006999999999999999,112.8,2.4
SN,2006gj,4.7,0.24,0.01,0.24,0.01,77.5,4.8,6.7,14.3,7.71,0.11,0.395,0.012,245.1,2.4
SN,2006gt,3.08,0.23,0.01,0.2,0.01,82.7,5.1,7.6,14.4,7.83,0.11,0.40299999999999997,0.013000000000000001,252.7,2.3
SN,2006kf,-8.96,0.26,0.02,0.26,0.01,54.7,3.5,2.6,13.9,10.8,0.11,0.316,0.008,180.2,2.4
SN,2006kf,-3.05,0.83,0.02,0.69,0.01,71.2,4.4,-4.2,14.2,9.41,0.11,0.345,0.004,256.5,2.4
SN,2006lf,-6.3,0.42,0.01,0.41,0.0,79.6,4.4,14.1,14.1,10.37,0.11,0.335,0.004,264.5,2.4
SN,2006mp,5.66,1.23,0.02,1.08,0.01,64.1,3.8,-3.3,14.0,7.97,0.11,0.319,0.004,251.2,2.4
SN,2006or,-2.79,0.88,0.01,0.81,0.01,70.0,4.1,-5.9,14.1,9.45,0.11,0.324,0.004,264.5,2.4
SN,2006os,8.61,0.34,0.01,0.29,0.01,78.1,4.5,24.7,14.2,8.16,0.11,0.381,0.006,129.7,2.4
SN,2006sr,2.69,1.44,0.02,1.3,0.01,89.3,5.2,13.4,14.4,8.95,0.11,0.402,0.005,267.5,2.4
SN,2007A,2.37,2.31,0.03,2.09,0.02,80.0,4.6,3.7,14.2,9.08,0.11,0.35700000000000004,0.004,269.2,2.4
SN,2007F,-9.35,0.97,0.01,0.71,0.01,30.5,2.0,-19.2,13.6,11.38,0.11,0.165,0.006999999999999999,248.1,2.4
SN,2007F,3.23,1.68,0.02,1.51,0.01,79.7,4.6,5.0,14.2,9.11,0.11,0.35600000000000004,0.003,263.8,2.4
SN,2007N,0.44,4.1,0.05,3.99,0.05,38.4,3.2,-39.8,13.8,8.18,0.11,0.183,0.003,177.0,1.2
SN,2007O,-0.33,16.46,0.2,13.23,0.13,68.4,5.8,-9.9,14.6,8.66,0.11,0.313,0.006999999999999999,263.0,1.2
SN,2007S,5.18,2.15,0.01,2.15,0.04,59.8,3.6,-9.3,13.9,8.94,0.11,0.29600000000000004,0.004,248.6,2.4
SN,2007af,-1.25,23.55,0.14,19.77,0.1,84.1,5.0,6.3,14.4,8.85,0.11,0.38799999999999996,0.006,121.3,2.4
SN,2007af,2.84,25.11,0.1,21.44,0.08,87.5,7.4,12.0,15.3,7.73,0.11,0.425,0.006,145.0,1.2
SN,2007af,3.81,24.45,0.14,20.66,0.13,89.0,5.2,15.7,14.4,7.75,0.11,0.431,0.005,151.2,2.4
SN,2007ap,9.37,36.23,0.34,25.44,0.22,40.4,3.6,-8.4,13.9,7.59,0.11,0.257,0.004,180.0,1.2
SN,2007ba,2.14,0.57,0.02,0.49,0.02,70.4,4.4,-6.4,14.1,6.87,0.11,0.37200000000000005,0.008,238.8,2.4
SN,2007ba,5.18,4.39,0.07,3.85,0.08,35.0,3.2,-34.2,13.8,6.31,0.11,0.21899999999999997,0.006,180.0,1.2
SN,2007bc,0.61,2.08,0.02,1.58,0.01,86.0,5.2,7.8,14.4,8.4,0.11,0.397,0.006999999999999999,260.6,2.4
SN,2007bd,-5.79,0.61,0.02,0.48,0.02,67.7,4.3,0.2,14.1,11.82,0.11,0.318,0.021,147.4,2.4
SN,2007bm,-7.79,6.32,0.07,5.38,0.06,74.5,4.1,16.0,14.1,9.93,0.11,0.326,0.006999999999999999,264.4,2.4
SN,2007bz,1.65,1.31,0.03,1.16,0.03,69.5,4.1,-7.8,14.1,10.19,0.11,0.282,0.006,262.3,2.4
SN,2007ci,-6.57,1.2,0.02,0.95,0.02,63.1,4.0,-1.2,14.0,10.64,0.11,0.312,0.012,139.5,2.4
SN,2007ci,-1.71,1.75,0.02,1.39,0.02,73.8,4.4,-3.6,14.2,9.77,0.11,0.35,0.005,263.2,2.4
SN,2007co,-4.09,0.74,0.01,0.67,0.01,77.4,4.6,4.4,14.2,10.32,0.11,0.35200000000000004,0.004,266.8,2.4
SN,2007co,0.85,0.95,0.01,0.84,0.01,95.1,5.3,17.0,14.5,9.13,0.11,0.38299999999999995,0.005,280.4,2.4
SN,2007cq,7.84,1.93,0.04,1.57,0.02,47.7,3.0,-9.9,13.8,8.93,0.11,0.29,0.008,171.6,2.4
SN,2007fb,1.95,2.93,0.03,2.75,0.03,79.5,4.8,2.6,14.3,8.77,0.11,0.384,0.005,115.9,2.4
SN,2007fr,-1.25,0.2,0.01,0.15,0.01,69.4,4.4,-8.5,14.1,8.57,0.11,0.384,0.013999999999999999,123.7,2.3
SN,2007fs,5.03,4.09,0.05,3.22,0.03,75.8,4.6,6.0,14.2,8.1,0.11,0.373,0.003,257.6,2.4
SN,2007gi,6.61,19.42,0.11,15.34,0.03,47.0,2.7,-16.6,13.7,10.51,0.11,0.20199999999999999,0.004,258.8,2.4
SN,2007gk,-1.72,0.84,0.01,0.8,0.01,83.4,4.9,6.0,14.3,10.11,0.11,0.38,0.003,268.8,2.4
SN,2007hj,-1.23,2.34,0.02,1.83,0.01,86.3,5.1,8.4,14.4,8.59,0.11,0.413,0.004,266.2,2.4
SN,2007kk,7.15,2.57,0.03,1.95,0.03,40.2,2.4,-20.9,13.7,9.5,0.11,0.171,0.011000000000000001,265.1,2.4
SN,2007le,-10.31,5.17,0.05,4.01,0.06,65.6,4.0,22.1,14.0,13.28,0.11,0.331,0.006,246.3,2.4
SN,2007le,-9.4,5.91,0.03,4.94,0.04,60.6,3.7,11.2,13.9,12.95,0.11,0.297,0.005,252.3,2.4
SN,2007le,7.43,16.01,0.08,12.17,0.04,52.9,3.0,-6.8,13.8,10.09,0.11,0.21100000000000002,0.004,284.1,2.4
SN,2007s1,-1.23,0.97,0.02,0.9,0.01,91.1,5.3,13.2,14.5,10.01,0.11,0.39399999999999996,0.006,270.6,2.4
SN,2007on,-3.01,21.94,0.05,18.56,0.1,59.9,3.6,-15.5,13.9,9.04,0.11,0.307,0.005,258.3,2.4
SN,2007on,-3.0,18.57,0.05,15.58,0.06,54.2,4.7,-21.2,14.3,8.77,0.11,0.28800000000000003,0.004,115.0,1.2
SN,2007qe,6.23,2.35,0.04,1.72,0.02,73.9,4.3,8.7,14.1,9.87,0.11,0.293,0.008,261.7,2.4
SN,2008Q,6.46,16.52,0.16,14.94,0.09,62.1,3.7,-2.1,13.9,9.03,0.11,0.313,0.004,144.9,2.4
SN,2008Z,-2.29,1.83,0.03,1.75,0.01,43.9,2.7,-32.7,13.7,10.83,0.11,0.20600000000000002,0.004,96.0,2.4
SN,2008ar,2.83,1.29,0.05,0.73,0.02,108.9,6.3,33.4,14.8,8.05,0.11,0.42700000000000005,0.012,272.9,2.4
SN,2008s1,-6.36,1.04,0.03,0.84,0.01,47.8,3.2,-17.3,13.8,10.83,0.11,0.305,0.006999999999999999,92.0,2.4
SN,2008s1,-3.42,1.32,0.04,1.09,0.02,53.0,3.4,-21.6,13.9,10.4,0.11,0.273,0.008,103.7,2.4
SN,2008s1,0.49,1.62,0.06,1.38,0.03,74.4,4.7,-3.8,14.2,8.9,0.11,0.38,0.006999999999999999,105.7,2.4
SN,2008s1,4.4,1.72,0.03,1.36,0.01,83.9,4.9,12.2,14.3,8.46,0.11,0.39,0.006999999999999999,260.2,2.4
SN,2008s1,5.38,1.62,0.02,1.35,0.01,76.2,4.5,7.8,14.2,8.56,0.11,0.395,0.004,125.2,2.4
SN,2008cl,4.24,0.11,0.01,0.09,0.01,97.8,6.2,25.6,14.8,9.91,0.11,0.46799999999999997,0.013999999999999999,252.0,2.3
SN,2008dx,2.46,0.36,0.02,0.34,0.01,51.4,3.2,-24.8,13.8,7.02,0.11,0.28,0.006999999999999999,250.2,2.4
SN,2008ec,-0.24,2.55,0.03,2.22,0.01,74.3,4.5,-4.0,14.2,8.48,0.11,0.382,0.004,106.3,2.4
SN,2008ec,5.7,2.82,0.03,2.44,0.01,81.0,4.8,13.7,14.3,7.62,0.11,0.414,0.006,118.1,2.4
SN,2008ei,3.29,0.39,0.01,0.34,0.01,81.7,4.6,7.1,14.2,10.2,0.11,0.322,0.006,287.2,2.4
SN,2008s5,1.26,1.56,0.07,1.3,0.01,57.2,3.4,-20.6,13.9,7.98,0.11,0.266,0.008,118.3,2.4
SN,2008s5,8.96,1.16,0.02,0.9,0.01,62.9,3.8,11.6,14.0,7.54,0.11,0.32899999999999996,0.004,106.7,2.4
SN,2008hs,-7.94,0.66,0.02,0.54,0.01,49.4,3.0,-8.4,13.8,9.88,0.11,0.24,0.005,261.5,2.4
